bank_id,personal_id,credit_type,credit_card,iban,validade
1,1,china-unionpay,5602222511872182981,IS77 1387 2507 1033 6553 6254 54,2023/05/27
2,2,jcb,3567857758396156,FR40 8246 6193 048W BIYT F8JH H71,2026/12/08
3,3,jcb,3558720664142240,FR52 8228 5745 23HB DJTC 0IM8 Q16,2025/04/17
4,4,jcb,3566015785006485,NL28 AFQH 9276 7484 84,2024/09/09
5,5,laser,6771807066876410,AZ31 PBFX GTBI 3TUJ LLZF SMX5 VAWX,2023/09/30
6,6,maestro,5038312885487391,GL51 2566 7520 5056 50,2025/10/31
7,7,jcb,3565391222565222,GI92 JLLY JW17 IP6C JHYE WZ8,2024/06/17
8,8,jcb,3528073393641133,MK35 885S NOGV SW3O E97,2027/01/15
9,9,jcb,3572605853145827,TN98 4524 5656 3921 1201 8342,2027/03/13
10,10,visa-electron,4026579920348740,LV94 UDLD DF0E JV8U TBAZ 3,2024/01/23
11,11,jcb,3570477739262388,PK85 LKCZ 3VYS HGZW K7LJ DBGM,2025/04/28
12,12,jcb,3567287126044421,FR61 0349 7381 770I 9SQR 2HSP B62,2024/10/20
13,13,mastercard,5100176288920966,CZ55 9814 3011 4889 1802 1917,2023/04/24
14,14,jcb,3534590170449424,PS23 MFGA GPO9 NB3E XBO4 64TC GECZ L,2023/04/23
15,15,switch,633319088255565664,LU12 883F SOGD MMID O6UJ,2026/03/09
16,16,jcb,3589662818442840,MU12 JSFK 2703 4604 3224 8317 580J RZ,2027/01/05
17,17,jcb,3584368337754617,BA12 9984 1807 7331 9069,2023/05/30
18,18,visa,4041377053749,LV54 VBKU 7X6C JBWE YW3X 9,2023/10/08
19,19,jcb,3547197184841003,MC50 5450 5419 70IN SHNU UCNV S86,2025/08/26
20,20,jcb,3533797056546873,SM51 Y531 1915 822S CUHW SVRI MP6,2023/03/25
21,21,jcb,3534497615032353,FR87 6114 4439 91F2 0QMF 2YQA W53,2025/10/01
22,22,diners-club-enroute,201885758864210,CY11 1938 6245 6IPI Y2LL FL1C YGKD,2023/10/14
23,23,jcb,3559809959708770,NO82 0883 3175 912,2026/08/17
24,24,jcb,3579850387915369,ME03 0652 1192 8253 3206 31,2026/07/24
25,25,mastercard,5007664233554232,FR20 1816 3874 55PD FRQD EZ8T O38,2027/12/31
26,26,jcb,3575989552929914,FR02 6439 8259 064Z W7XJ SPXR K47,2024/07/12
27,27,diners-club-carte-blanche,30549524950748,FR59 8528 3558 30H7 UECL 2FQU M60,2024/07/28
28,28,maestro,50189482679956472,CH55 7286 4C5L 4QTY XKKU G,2026/02/08
29,29,jcb,3579156159812986,GB61 CCAS 2042 4353 1602 54,2025/12/20
30,30,laser,6304599576978499,GR82 0028 513P JXWZ WERC FXFD EXV,2023/05/15
31,31,jcb,3584215921315547,FR87 8175 2014 96XG EXV4 AHBX G81,2023/05/14
32,32,jcb,3585554117283831,PK72 JNCG VVVE Q9C1 V3WP QVL6,2025/08/16
33,33,jcb,3528271123199972,FR46 5148 7255 07MT QUTK CLQT 585,2026/10/31
34,34,jcb,3557901663698751,RS12 1795 0224 2477 6228 25,2025/06/11
35,35,americanexpress,345327413528630,TN76 6076 7432 4426 3969 9612,2026/10/23
36,36,jcb,3566032222266168,FR60 9034 7806 25FK HOMG ZY0B E44,2024/08/21
37,37,jcb,3547645813263221,IL43 4943 4471 0120 9131 563,2027/05/09
38,38,mastercard,5100172622318900,FR74 8745 4183 84FH KXOG KPZ4 F80,2026/07/06
39,39,jcb,3559043007204109,BR98 7704 9197 9614 6394 5445 652I F,2023/10/15
40,40,switch,4911830847382363,SK15 4859 8825 7161 2528 6637,2024/10/23
41,41,visa-electron,4175009388861082,SA13 19NI WWU7 YASU POAV A5QP,2026/11/21
42,42,jcb,3553468562548630,TR68 4682 3ARA PLEQ 01O8 CJU1 AV,2027/10/19
43,43,jcb,3547071845856835,ES49 4128 4967 2028 8242 6896,2027/07/16
44,44,mastercard,5100179626443329,HR75 9150 9950 5787 0648 8,2026/10/17
45,45,jcb,3537106991370553,BE51 3202 6480 0532,2027/12/14
46,46,maestro,675994578246565800,PS63 MDWT 6BGT W4FZ MSWW XQDY LCNO L,2025/09/09
47,47,mastercard,5002353968912766,SA14 04YL AMKC OAZW WOS6 WXVX,2024/01/14
48,48,jcb,3572144730186481,KW54 VBHM WX9W PTET 2HTS 3X11 8MWM 54,2024/05/29
49,49,visa-electron,4026572619474935,FR10 3992 4402 03EW 8QFA KW17 847,2023/05/22
50,50,diners-club-carte-blanche,30065511721562,SA61 76RN BBLY QJSJ URLZ LED1,2025/12/25
51,51,visa-electron,4844139396838383,SE14 0718 9421 5742 9942 6848,2023/11/09
52,52,visa-electron,4913559967718969,FR14 2920 1283 24KF JBCS XKEA Z95,2026/11/28
53,53,jcb,3589189207265590,PK47 SMBV U0UI 6BG1 SJW8 78PQ,2025/12/21
54,54,jcb,3556457025120712,FR69 8034 3305 61PW MI9Q SJCR Z94,2024/11/27
55,55,visa-electron,4844949984847400,PL03 6414 7101 7810 5156 3143 3924,2024/05/14
56,56,china-unionpay,5602217344665916424,SA50 16PJ WBQB AIFI AN8G 0CVN,2025/08/04
57,57,jcb,3545478772000232,AE32 2316 3498 8798 5874 682,2028/01/06
58,58,mastercard,5100141359955077,GE07 QB88 3033 6854 0493 20,2026/04/01
59,59,laser,6706118617840107,HR31 5506 9246 6062 3745 8,2024/01/10
60,60,jcb,3586975632521711,EE95 9299 8495 1595 7889,2026/08/22
61,61,jcb,3574119583636236,DO25 EYJK 7575 7130 5772 8811 8470,2026/11/24
62,62,jcb,3533545132878202,PL21 0770 7211 5489 0229 5573 6555,2023/09/24
63,63,jcb,3573311056787726,LV61 YQOZ FQNV 7STM JE3M B,2024/06/06
64,64,americanexpress,374283388288375,CH26 7469 3HGC RYQV MHCJ 1,2023/04/07
65,65,jcb,3567946035031080,CH83 6537 5BS1 DYUS R6ZL V,2027/07/18
66,66,china-unionpay,560222385044421030,PT26 2916 3237 9981 9269 9631 6,2027/10/11
67,67,bankcard,5610295037970552,FR43 9225 3692 838O IVOI 8YEM 958,2024/07/07
68,68,jcb,3589105732181722,AT59 3064 1974 9184 6838,2025/07/28
69,69,jcb,3546188418900773,RS20 0354 7262 0396 7161 23,2025/05/14
70,70,jcb,3579929885941323,BG93 FSFH 7103 32F3 MO8W R4,2024/10/31
71,71,jcb,3548089403832773,LI53 6250 051H 02NG 8MFZ 7,2025/11/13
72,72,americanexpress,337941751814301,SI81 3521 9155 8535 504,2023/12/06
73,73,laser,6771989665459846,LU39 845I RQA3 1C8S HGZI,2024/10/30
74,74,americanexpress,348235472411993,FR47 6667 7865 63L7 VM2L LODP T10,2027/01/24
75,75,jcb,3556902942276485,SK69 4729 1622 8257 8933 4936,2027/04/16
76,76,jcb,3587957087762809,PL84 8498 1133 5534 6133 3119 5939,2024/10/05
77,77,mastercard,5048370018930693,RS49 3946 3969 3253 8342 89,2027/12/17
78,78,maestro,5018249262019977283,ME87 9805 0067 7212 3562 64,2028/01/10
79,79,mastercard,5007662731631510,FR28 3487 7327 13P8 XHCT HBVP 455,2024/10/29
80,80,bankcard,5602235335515014,FR52 9219 9753 69DZ 8GQ0 BJFY M92,2027/07/22
81,81,mastercard,5108750061298824,FR41 7952 7143 23WC GQHP ZKAY H05,2023/12/28
82,82,jcb,3579274126008933,FR76 2871 6238 67K3 LLQ1 FM3N M33,2023/05/10
83,83,maestro,060456452207947827,FR05 1571 8588 66GN PSLC CX3P 457,2027/10/22
84,84,bankcard,5610150939926162,DE53 2639 9556 7319 3773 70,2023/03/14
85,85,jcb,3548974696205383,NL43 XPRX 9766 6469 31,2027/05/22
86,86,jcb,3581838236074005,RO98 RQFJ H1DC DUJZ 7QR9 QBTC,2027/01/24
87,87,switch,6333201162871395,LU38 6274 YZJO YXPO DFWJ,2026/10/28
88,88,diners-club-enroute,201976824040644,MD22 EXRR CSIS UVUV OM9S PLLN,2023/03/30
89,89,mastercard,5010129732466580,GI67 QCYN DTCN FRRU Y3KF BYJ,2024/06/05
90,90,jcb,3543486467948989,LV32 YGVQ OKZX PMLV DXPW V,2025/05/10
91,91,maestro,6304656597683829,BR11 9649 4978 0569 2973 5914 485M K,2026/09/04
92,92,mastercard,5010124528974442,CY39 2181 7200 AYZ7 HG6I ODZB PLWE,2024/10/25
93,93,diners-club-enroute,201500955440082,FR70 4823 9778 49WJ AVHF ZWZY 428,2023/02/06
94,94,maestro,5038522045517388,FR58 7005 7053 59CX FNJ1 PMNE R78,2023/09/19
95,95,visa-electron,4175006263287433,FR16 3098 0803 40B9 YJRD ITDT L18,2026/01/26
96,96,visa-electron,4026491232195407,CY80 4828 8405 YAVF HTGA UKKP R8VC,2025/02/16
97,97,jcb,3545061767771601,AT60 4890 0240 4562 0669,2027/12/10
98,98,jcb,3543350033598639,AD80 9774 7159 XAYE DYWR 9Y0R,2025/12/08
99,99,americanexpress,374622420743493,DE42 5255 9710 4631 8274 59,2023/02/15
100,100,jcb,3539651313999124,SI93 1290 8656 3690 814,2024/12/08
101,101,jcb,3541682239349421,CY23 8752 4114 WAVK HMN1 HMJP LVB3,2027/08/02
102,102,americanexpress,343193371911651,SI70 5855 3571 0760 646,2025/07/27
103,103,jcb,3529032830796701,FR13 4233 3300 47MI RTM1 VMOZ C64,2024/03/10
104,104,jcb,3567596958303162,HU93 1582 8624 8172 2421 4774 7278,2024/09/16
105,105,bankcard,5602214609149941,MR07 3431 9750 4717 3012 7776 446,2024/02/21
106,106,laser,67719185157599994,BH14 IZWE NOND 79QP DLMR 1F,2023/06/12
107,107,americanexpress,337941630032802,VG18 ESYC 3551 4334 1759 1153,2023/02/28
108,108,visa,4017952897783,SA67 43HO TEFX 3XXU 6FWE OTKD,2027/05/23
109,109,china-unionpay,56022152236865429,DE14 3781 0607 1786 2853 17,2024/12/31
110,110,jcb,3567713885883212,KW78 MNKF EYJL DIPP LRLQ TSDY UCAF CP,2025/09/21
111,111,jcb,3548201566717978,GB59 XWRY 0232 1052 7095 88,2026/12/04
112,112,diners-club-carte-blanche,30420884130950,RO22 OWWO JVZJ XARA A7R0 HAC3,2024/10/05
113,113,visa,4223404117905239,EE20 9082 9584 2690 5542,2026/07/03
114,114,instapayment,6380105559746734,GR08 9684 921B CJFC MBSL Y5SG II6,2024/08/02
115,115,jcb,3544673358932706,CZ46 9889 5835 5278 3353 8738,2023/11/29
116,116,jcb,3549320849025410,MU59 SBVE 9935 4702 0610 7737 932L AC,2024/02/05
117,117,bankcard,5610981463541336,FR33 6422 0157 56L3 PPCV K5ET R19,2026/07/27
118,118,visa-electron,4026631175723380,DE98 7038 4895 6339 3632 45,2026/12/16
119,119,jcb,3580887015865522,MD13 OFKT 7FIC 0CTQ I4JU HHBJ,2027/03/09
120,120,switch,5641823057912317600,RS83 4399 8309 3490 8083 74,2026/06/05
121,121,diners-club-enroute,201410254409566,GI19 HKSG VHQS LGH0 L5JN MX1,2025/08/21
122,122,jcb,3589247837705219,FR58 1160 5024 78ML ZOM7 0NUA E59,2026/10/03
123,123,maestro,6762492941371126,LB95 1938 DXHQ K1Y6 GYPD BDT9 EQPK,2024/04/14
124,124,maestro,6763361972619621,FR04 0762 9742 76AV CY0X BOJQ 337,2024/04/04
125,125,maestro,6763865215510496503,SA27 86GW 2NQN KQHM EQ7J PWCZ,2026/03/06
126,126,instapayment,6394835197575509,ES22 6535 9390 3935 8308 7289,2024/11/18
127,127,visa-electron,4917733844546671,ES14 2075 6324 5817 5947 3129,2026/04/23
128,128,jcb,3559396052740728,GL93 4411 5829 1653 63,2023/06/17
129,129,mastercard,5048375261042674,LU44 632G TOOH OD3Q IPV0,2027/10/27
130,130,bankcard,5602254960196537,MC64 3906 2783 99JR CUAP DBDT O57,2025/09/24
131,131,visa,4017952150209,CR08 8307 1678 1460 3145 1,2025/08/29
132,132,diners-club-enroute,201576272794724,SK43 6821 8217 7448 8159 2662,2025/04/10
133,133,maestro,58933298168753887,MK23 504K 5WLQ AG09 R74,2026/10/10
134,134,instapayment,6388503912267384,GI51 WDWJ DN91 4KUO LWWU VUE,2024/01/11
135,135,jcb,3565015755770897,DO17 G4EM 1227 5542 0809 1813 1188,2027/03/09
136,136,jcb,3534037890165336,IL46 3601 8231 9498 2382 933,2027/09/23
137,137,americanexpress,376185847145864,LV66 AMID PHRF VMSL GUPO I,2027/12/16
138,138,jcb,3550411197929612,FR63 4694 0081 87PE 3AMF 0ZQQ H85,2024/11/01
139,139,jcb,3567873822435284,AL79 7444 5725 7CZH 66DI 889O 654H,2026/04/10
140,140,jcb,3531638724088975,FR47 8717 3873 49LT PKKL U1VO W28,2026/02/18
141,141,instapayment,6376630996364086,FR52 4367 8045 1701 CGKR 9ANK Y58,2024/08/20
142,142,jcb,3552394870971101,ME92 8505 8918 6699 8341 88,2025/07/31
143,143,china-unionpay,560223097104771472,MU16 IIBM 8646 6991 3398 8286 960Z YR,2026/09/18
144,144,visa,4041590705569625,LB80 2422 7MHZ PKHF YZ4F NUEO I7W0,2024/08/20
145,145,jcb,3536043033839025,MK93 617O 5YUN MOXL O82,2027/08/27
146,146,bankcard,5602212006120556,DE37 2561 4787 0584 9171 13,2025/02/14
147,147,china-unionpay,5602224351409815,ME56 4384 3011 9371 8459 79,2027/10/24
148,148,visa-electron,4913265334752950,FR38 6034 6391 27PH LYTM GHVZ P79,2023/11/24
149,149,diners-club-enroute,201404563357640,SE47 1215 9086 6559 3848 6855,2025/02/15
150,150,china-unionpay,560223292637641140,AD62 2735 0856 JCS7 TOMH N2WW,2026/12/16
151,151,jcb,3571776107731513,CZ36 6143 0617 1318 9457 1885,2023/10/06
152,152,diners-club-enroute,201856822997781,PL30 9732 8765 5361 8280 7319 3493,2023/05/02
153,153,diners-club-enroute,201814509744695,MD87 IPNF KL3P SQ6R LXOV 2LPB,2026/12/12
154,154,jcb,3541709431105309,BH98 CWXM PPBA JVXC DKNO 22,2025/05/09
155,155,visa-electron,4913685638236634,FO58 6914 9791 1589 87,2025/12/06
156,156,bankcard,5602216104378719,FR48 9886 7954 83K2 IVWO K3CA W66,2026/07/02
157,157,jcb,3561096772607068,MR04 9053 6612 6890 9833 1185 852,2026/05/18
158,158,visa-electron,4844456988508392,CZ68 3705 0337 1609 8695 1051,2025/09/08
159,159,jcb,3535938005912620,FI28 9107 4159 1260 82,2027/04/19
160,160,maestro,630446255881059188,MD37 XXOI U4WG A9TW WXFG 28OC,2023/06/29
161,161,china-unionpay,5602227075359240,SE10 0340 9640 4156 8189 8255,2024/02/12
162,162,maestro,501815897897198157,MU21 KOEC 4141 0973 0373 5018 530P UL,2025/07/27
163,163,jcb,3539945535474399,FR57 5045 7401 60ZF 3SB3 KD93 N40,2024/08/01
164,164,mastercard,5007665530218819,RS92 0315 9575 0696 1005 63,2023/12/14
165,165,mastercard,5251978301840056,FR95 2869 6513 06V7 CDYW SLMP Y70,2027/06/11
166,166,jcb,3569610622188186,FR14 8367 0107 09AD SW93 OZ8E O41,2025/09/18
167,167,bankcard,5602250293357853,FR47 5978 7004 550M UKQV DG26 236,2024/06/14
168,168,jcb,3573488550516783,AT59 0570 1746 9323 4904,2027/04/07
169,169,switch,4903020984905540599,SM55 U980 9719 697O 5NFI CJUA 3FI,2025/09/14
170,170,instapayment,6379523163725659,GL07 3986 9713 1606 62,2025/09/12
171,171,jcb,3581575611188998,FR45 4278 2420 82XG 5FJJ 6YRJ 976,2027/02/19
172,172,jcb,3541587024799534,LT86 6438 5011 4974 9361,2026/03/07
173,173,laser,6771316928241953,VG63 JJOO 5442 2019 8998 7204,2026/01/09
174,174,jcb,3530596152153300,AL66 1114 8535 VYJX W2GE XCNF CMSK,2026/07/30
175,175,jcb,3549128176575307,BA64 5948 1354 0867 8079,2024/06/07
176,176,americanexpress,376820184649223,MU22 FLRS 8027 7256 5619 6735 960S IE,2026/01/31
177,177,bankcard,5602220113165893,AZ68 UOKU ICCQ YYKW 3YCM BIXC TJPP,2025/10/13
178,178,jcb,3549532067584825,MC24 6998 7058 03RQ 5F1Z QHJ8 L53,2026/11/21
179,179,americanexpress,374288481554854,SA75 83PK RRXX MOWV ISXX JEMF,2024/06/11
180,180,jcb,3565874839302329,CR08 9154 9661 1391 3046 9,2027/07/25
181,181,solo,6767449914305528,CR09 2584 9121 1520 4117 6,2023/06/01
182,182,jcb,3548976473582991,DK65 0125 4759 0339 95,2023/02/24
183,183,jcb,3553830824025683,FR64 2350 1320 34JH PPOA NDDS N51,2024/03/02
184,184,jcb,3578204678504675,AE36 8021 3649 8671 8208 631,2027/02/03
185,185,diners-club-enroute,201440523053242,BR97 3205 8594 7826 7558 9821 783D O,2023/05/08
186,186,jcb,3574754406296600,CZ08 2415 3632 5495 7843 4471,2023/09/23
187,187,jcb,3547921399517177,GE33 QY78 5287 8031 5598 99,2023/10/28
188,188,visa-electron,4175000046868148,BR41 5414 5286 5326 5395 1555 633Y A,2027/12/11
189,189,jcb,3574617755015485,FR90 4104 7508 55ZE IPS4 SWJA F03,2025/03/24
190,190,laser,6706641237423186,MT24 CIYS 8728 7QCP VRSB 3ZOO STZI CMD,2023/07/02
191,191,laser,67067260702791954,BA10 2547 5281 1178 4976,2023/04/04
192,192,jcb,3528029626850917,DO59 GFAJ 9647 7826 2101 1166 2600,2023/12/27
193,193,visa-electron,4405815413315114,KW43 JDUK DS7H MXPY SKX5 CKK4 WRGN U4,2026/04/17
194,194,bankcard,5602225963882547,EE23 3048 7529 5062 8811,2024/11/03
195,195,visa-electron,4026832899157430,NL21 GIFG 1080 7491 98,2024/07/13
196,196,instapayment,6371908712462458,DE16 2087 3740 6707 7887 28,2026/07/16
197,197,diners-club-enroute,201753525570520,BG34 IBPS 1602 461X 7GBJ E1,2027/07/11
198,198,china-unionpay,5602251198765385600,MU69 HKRS 4437 0574 9091 6233 593M NU,2023/05/30
199,199,jcb,3580758113382506,MC69 9895 4392 44AW YJSV 4HZ2 U37,2026/02/21
200,200,jcb,3584702414109057,FI16 6980 8343 9279 88,2026/09/18
201,201,mastercard,5404295909767342,IT66 U840 9543 057N 9SE2 2WYN 4YB,2023/07/23
202,202,jcb,3585030421669593,AT51 1875 8870 0619 8443,2026/09/04
203,203,jcb,3529420833335116,GL86 1556 3024 8266 40,2027/09/04
204,204,switch,6333284074649638,CR27 3694 1591 8011 3708 4,2026/11/01
205,205,mastercard,5407696962703271,PS83 KTDM CDQJ NWMN DFMP JPO6 WCSV N,2028/01/11
206,206,diners-club-carte-blanche,30420242273138,PS05 BFRR EPHV 7JPR 5XW9 DRBI WUDZ H,2027/06/19
207,207,jcb,3565905106454011,FR56 7962 9540 91CO 3LXP 04WB K24,2024/04/13
208,208,switch,564182632713122518,FR59 9293 1912 63VX VFMG DMYK E22,2025/06/02
209,209,maestro,060429123390059456,SI92 6950 3041 0405 503,2025/12/22
210,210,jcb,3569354301744288,GI62 RAWG GPG8 3BTY HYBX 1WX,2026/08/03
211,211,jcb,3549026476980047,SE47 2255 8586 2646 9545 5978,2024/07/04
212,212,jcb,3582309995634107,ME81 8907 3637 2516 8523 71,2027/10/24
213,213,jcb,3577872744838797,FR32 8094 1826 42WO TMV6 TESE D75,2023/10/31
214,214,jcb,3559001087532377,GE37 WK92 8224 8427 5365 40,2024/04/23
215,215,diners-club-enroute,201641711197531,PS93 FGLM AMYN 0ZQQ IHFJ VYSQ 7O3K 9,2026/12/02
216,216,jcb,3577650965992935,CR16 2913 7132 6878 4124 0,2026/05/02
217,217,mastercard,5002356233918575,LB63 2213 HTZ9 35U6 XVPQ ZBT6 GACQ,2024/10/11
218,218,mastercard,5169093486024210,IL75 7763 1151 9645 9590 185,2025/09/13
219,219,visa-electron,4405440272908188,RO74 WEUQ TCVC X1S4 HS0P 3BND,2026/12/15
220,220,switch,6331106738298788721,FR61 1026 7902 66NG SMD8 S5BS A30,2025/04/28
221,221,jcb,3541743306681797,TN95 4560 3705 7116 3899 1057,2025/04/20
222,222,bankcard,5602218812038338,LI55 9537 5O7W RMYY HDBL V,2026/04/29
223,223,mastercard,5108756024304054,FR37 8383 3807 04K6 BLFG L3HJ S79,2026/11/14
224,224,jcb,3589917321177444,SE02 7901 6630 2321 8174 7279,2024/01/01
225,225,jcb,3559227792317131,RS46 0661 2841 2131 5755 49,2025/09/05
226,226,jcb,3546436542769717,ES35 8083 4817 0239 2942 2496,2026/01/25
227,227,visa-electron,4405357167009536,FR57 6649 2780 535L H21X 3RKN G01,2027/04/11
228,228,diners-club-enroute,201582008403945,PK36 ETMN CAD4 BYZV BO8R XEJI,2023/12/07
229,229,switch,6333532149281484,SA05 1173 M3PZ YL0H RX5D JVIT,2026/04/13
230,230,switch,490586664151635644,CZ13 8041 9747 6964 7341 2424,2025/08/03
231,231,mastercard,5505490072280276,PL20 4947 5428 5151 4505 8867 5802,2026/12/08
232,232,mastercard,5100132102934535,FR86 1029 4217 52CQ HPLG XM4X W60,2027/05/23
233,233,maestro,5018573767027240892,DO09 ABSN 3313 2072 9815 4346 6433,2026/05/01
234,234,jcb,3550933448441055,FR19 2462 7497 32HV K0ZX N0KO B85,2025/04/22
235,235,diners-club-enroute,201981094299912,LI44 4323 9W0N 3I1G CKRJ P,2024/11/01
236,236,visa-electron,4917263735283804,MT87 JSJA 0252 1KUM MUMM FMLK CALG MTM,2023/01/21
237,237,visa-electron,4508738114859170,FI85 6902 8722 5076 00,2027/02/16
238,238,mastercard,5451527772867037,KZ89 244B UIKC IBEA 9MW9,2026/01/15
239,239,jcb,3541359034569020,FR95 7882 3730 015W UOIS 4QT1 O29,2027/08/17
240,240,china-unionpay,5602244274962096,FR80 3034 4243 58TA 3WLF GV4T U08,2026/03/03
241,241,jcb,3571557986868406,BG75 NJYC 5321 36TR XUZ1 LP,2024/12/11
242,242,maestro,6762928452452833040,SM63 U450 2478 941Q 3ERJ DUFF 4DJ,2026/02/12
243,243,china-unionpay,56022371005740411,VG29 GXRK 3984 5340 0294 3933,2025/06/10
244,244,visa,4041593267941,HU07 9531 5115 8627 4593 0964 9589,2025/08/12
245,245,jcb,3541888278558927,ES74 4605 5757 4923 8088 9813,2023/01/14
246,246,instapayment,6389039901082327,BE56 0967 2833 7205,2027/06/06
247,247,maestro,0604842422244108,FR34 9549 7368 481G MQPD RSWH Y70,2027/12/12
248,248,switch,633314350600476202,BA92 8826 0605 0464 3922,2026/02/17
249,249,jcb,3554696321490236,TR94 5272 8JUM V7Y9 JNNO ZXSH HC,2023/12/11
250,250,mastercard,5100135969227224,MU72 ONFI 2464 0350 5465 9537 208V VC,2026/09/27
251,251,jcb,3571990614394141,PS70 PEQT OKOO RURV 8JN1 HPXH 2POD N,2026/04/20
252,252,visa-electron,4026752497400679,GL09 4366 2887 6235 16,2026/11/15
253,253,jcb,3540661651926206,DK90 9418 5155 1209 78,2026/03/27
254,254,jcb,3532843022144111,AL10 6764 2047 2W46 KDO5 OIYQ WHK0,2024/01/22
255,255,visa-electron,4913573584442093,CH35 3258 6FUE HRJK L0QY 7,2025/05/02
256,256,jcb,3557831036273364,SM17 V522 8098 084V JILK R6VE OL7,2024/04/22
257,257,laser,6304815312445333523,MK49 825W 1O9C VKKZ I60,2025/07/15
258,258,diners-club-carte-blanche,30340397208608,FR83 2400 2886 67J5 Y99O GKQF 262,2024/12/19
259,259,switch,4911214487218957,FR03 9393 5446 43JG XRDL NQUJ P22,2027/06/11
260,260,diners-club-carte-blanche,30265036356114,AZ75 SOZQ MURO WXXA LY8E 4DQ2 RASQ,2026/06/05
261,261,instapayment,6389938395536567,MD94 SCCY IVZV TJAV 1WTA G23Z,2026/09/15
262,262,mastercard,5100139432100844,DE40 1400 9247 2048 9233 51,2023/05/17
263,263,jcb,3560166648795537,FR20 1415 6810 99UT UZ9S AS9S E45,2024/02/29
264,264,bankcard,5602247898822794,KZ15 174F TRBB Z2LZ MVFZ,2023/05/31
265,265,instapayment,6373946611161365,IS50 2931 1738 6205 3968 1467 01,2024/12/03
266,266,visa,4041594997483859,LB03 7170 Y3O2 SYKV P0YJ LNCG VYA4,2024/08/12
267,267,jcb,3535785359265125,AT94 7493 3590 6226 9799,2026/03/27
268,268,jcb,3540206761578909,NL62 RHNN 7378 4113 66,2024/12/04
269,269,jcb,3568183569125893,DO95 TVU6 5340 2538 4891 6436 3806,2024/11/21
270,270,jcb,3540968198162066,PL45 5130 7983 5198 7470 3532 4967,2026/10/29
271,271,bankcard,5602243619504902,CZ62 1546 2651 2944 2539 9654,2026/08/02
272,272,jcb,3588181415092123,RO67 WYLL JKSA IEWN XZ32 VCMY,2024/03/29
273,273,americanexpress,374288252396576,FR50 8117 0044 34ND WSCK 00ZU W94,2023/09/02
274,274,solo,6334434781065714,AT08 7089 7048 2192 6296,2023/06/28
275,275,maestro,6761931107568976,GR70 4133 750Y NHPK RIGY JCFV GMC,2026/09/16
276,276,jcb,3554040947998811,KW16 TMNB GHDH LEV0 WFXB BWQ9 TLLX 36,2023/03/19
277,277,jcb,3584978821372294,SA06 98MZ VLFE IZNB PSUQ PLH8,2027/05/21
278,278,switch,490576451496065261,HU21 9788 7793 0933 8874 5621 8358,2027/03/31
279,279,jcb,3567044393118580,MR91 0859 9884 1815 7641 2271 381,2027/08/06
280,280,bankcard,5602229530639935,BE26 6681 7877 9347,2024/07/28
281,281,jcb,3544818307914673,FR17 9658 4464 34CO 5E7O EIIZ T92,2027/06/19
282,282,jcb,3588650477533943,SA63 862E ETC2 XAJ5 EVDR BE6O,2027/04/24
283,283,switch,6333169426236172246,GL11 5174 6433 6095 90,2025/06/16
284,284,mastercard,5250677175165308,SI96 9279 1744 7867 171,2025/12/22
285,285,jcb,3545948710473865,MC39 0678 8928 73V5 GX3M PLXG 812,2026/09/28
286,286,visa,4041592268296,CY39 7620 7561 V2BS SMSL KGKI IF7R,2023/08/21
287,287,china-unionpay,56022455557594944,MR35 4197 9363 2112 0844 9655 628,2025/09/25
288,288,jcb,3567112270023320,EE51 8051 8116 8466 8610,2027/01/11
289,289,jcb,3581823102088248,GT17 8MBU 3C1F VQ9I MJ1S 8AEU HMJM,2025/12/04
290,290,jcb,3550476957489644,PK67 RWDO I39G Z4G3 J0YL G0KW,2025/04/29
291,291,switch,675963257753667138,FR32 4060 5393 35TZ KSKU NWEM D68,2026/07/28
292,292,laser,6771645308230790899,FR85 9034 7128 61NH 2CQZ RB32 L72,2026/05/15
293,293,jcb,3548729821528459,SA06 88MN BAZS AZHV RPPL 96P0,2024/08/18
294,294,jcb,3579520531832071,FR30 0259 4400 62NA EKPF 2BFH E29,2026/11/18
295,295,jcb,3548518562988372,FR54 0182 8727 84VB BCTN TCWD L43,2024/05/17
296,296,jcb,3564055697003131,GR33 4874 792K 6J3M JHDG ZMRP YU2,2025/07/14
297,297,solo,676718665421616061,TR16 5908 4E5E QK4C WEFG 3EZ7 LK,2023/08/15
298,298,visa-electron,4026374794356338,MR10 4480 0300 0126 9598 6201 467,2026/05/12
299,299,mastercard,5002355222373867,FR94 5219 4630 68NL J4BI GD9K W10,2025/11/22
300,300,jcb,3531798231472284,NO26 1337 9828 723,2027/12/15
301,301,jcb,3584697481650084,AZ05 GWTW XII7 70ZN AMWN V4V3 VJ3G,2025/02/02
302,302,mastercard,5318000778619094,FR13 1017 9655 98NK I2RZ 5FEE P07,2023/05/18
303,303,jcb,3586310082553875,LI32 7407 8WCX DUTG NFO4 Z,2024/03/24
304,304,jcb,3585424532721270,PK40 CXWJ 7PDH 3FPD HZWC NQRB,2023/08/25
305,305,jcb,3528238834426374,GB24 DZEX 0079 7169 4393 72,2026/06/20
306,306,jcb,3559255361597569,AD06 5633 2105 VWT9 NKE4 S4EY,2023/02/21
307,307,visa,4041377519246297,VG32 OAXH 2787 2577 0913 6157,2023/04/28
308,308,maestro,502085292060306707,CZ35 6062 6338 7574 5245 1469,2027/01/16
309,309,diners-club-carte-blanche,30420868041041,FR93 3250 0558 55MT POI7 ULUS Y20,2025/03/19
310,310,china-unionpay,560221528950918801,LU91 920O TGSY KDWH 9UJT,2027/09/07
311,311,china-unionpay,560224928463719893,FR43 2034 7907 788M MFUV BCM3 F92,2026/09/08
312,312,china-unionpay,56022177804956383,MU55 HYQO 3612 2040 4118 2848 009H DA,2025/08/07
313,313,jcb,3569272567508520,GL98 8143 4225 6206 14,2025/07/24
314,314,mastercard,5100136895796662,MK13 065C N4BI 18TI Q59,2024/07/14
315,315,laser,6771275241337973174,MC90 8739 0870 57AY G3YE RCBD E49,2024/08/22
316,316,jcb,3582430542266035,SI86 1451 1433 7953 601,2026/09/12
317,317,jcb,3566545498671142,IS54 4555 5194 8189 9518 3017 84,2025/10/08
318,318,jcb,3585018033244889,BE66 2737 0905 7592,2023/12/28
319,319,maestro,67630006783517638,FR70 7046 9226 98RP NOH6 J0FE S74,2026/08/08
320,320,jcb,3583217175132678,AE20 7042 0970 1692 7086 760,2025/12/28
321,321,jcb,3555551466714388,PK10 NSXK 9AWK XRMG GDUQ TB7Q,2026/02/12
322,322,jcb,3572810614065146,FR05 7658 5938 50MT SFNZ 2ZUH R91,2025/11/27
323,323,diners-club-enroute,201619801008537,GI53 HLZN 6XCP WFFZ RONG JFA,2024/02/19
324,324,switch,633392860647529511,AE37 8975 8617 9550 8451 757,2027/02/28
325,325,visa-electron,4844073680436986,NL07 ROIO 9013 8255 90,2025/05/22
326,326,maestro,5893915205431644,FR47 7507 5307 982A S6LA Y9ZX V25,2024/06/28
327,327,jcb,3533853869619678,CZ73 9082 9921 8244 7247 1711,2026/10/09
328,328,bankcard,5602229624413981,NO61 1318 4395 209,2025/10/16
329,329,jcb,3565387860284050,BE03 5231 0484 2076,2024/03/01
330,330,china-unionpay,5602211170204144749,GB96 NNNZ 7107 8772 1196 46,2023/02/13
331,331,jcb,3587853819146785,CY92 5302 8845 ML0J M9E5 FKNP SP6A,2027/02/15
332,332,switch,491105294211202795,PT93 2061 5572 6384 9651 0705 7,2023/06/13
333,333,mastercard,5338729820080576,FR63 1693 4410 91JW ZEEX 64SP 054,2026/06/11
334,334,diners-club-enroute,201675686487642,CR43 7566 8836 8284 0783 7,2024/12/09
335,335,jcb,3548451490776224,SK35 9907 7447 2815 3062 1363,2026/09/10
336,336,jcb,3531173276130900,DK14 2002 3117 9511 63,2023/05/01
337,337,jcb,3557818874891399,SK64 4755 4945 1037 0560 1577,2025/12/03
338,338,mastercard,5048377874161628,MK84 364X B3IK UWGP Q71,2027/07/22
339,339,jcb,3531960335650468,MR87 3184 6278 1557 2614 7014 985,2024/01/26
340,340,jcb,3587761887861815,PS37 LSZW NE9K HXJK JX24 70LC YUJQ F,2027/01/15
341,341,jcb,3539023606547822,PS89 EDMG E77I 6LVU WFJC GYDC L01W V,2025/03/31
342,342,bankcard,5610425393248042,BA02 2606 9959 1684 7183,2023/08/02
343,343,switch,4936735288789128,CR80 6622 4779 0612 7607 7,2023/11/06
344,344,visa-electron,4917920452397246,HU14 8457 7006 4712 1913 4275 5909,2024/01/30
345,345,jcb,3567822440639470,AL04 0741 7339 TT5Y GTYA F3OS CJFO,2024/08/22
346,346,mastercard,5100170078510921,SK46 5605 9407 5089 8631 1728,2026/03/15
347,347,diners-club-carte-blanche,30364869032106,FR79 0268 2767 80ID LZST UNVZ B54,2024/06/01
348,348,jcb,3568400140664699,MT66 IEMI 3090 4PPY EXIA 4X4H KSWP UA5,2027/05/07
349,349,switch,675918454983769836,BH18 UWCW DRUA O3EO KZOW 87,2025/09/09
350,350,maestro,67595185105052947,ES40 8399 8387 9555 4226 4767,2026/09/27
351,351,switch,633110691844987389,VG65 TLBW 2715 9355 2315 0818,2026/10/27
352,352,diners-club-enroute,201582610855482,FR40 2751 0171 00W9 7LTH RK2S U17,2025/08/26
353,353,jcb,3566901917048075,GI42 NNXV 52XP EYML HSFV G5K,2025/02/10
354,354,jcb,3563116468568925,SA49 36EM NBRI L00U 76IQ WHXP,2023/04/30
355,355,mastercard,5108752609247099,HR62 5187 2206 4458 7203 4,2026/08/17
356,356,visa-electron,4844008645332011,LU08 998E D1VU CAMV YPHC,2027/02/19
357,357,maestro,630431956767170448,SA26 60MQ G8PW SP4S DSXB MDXC,2025/07/01
358,358,mastercard,5007664631182941,IT71 G414 9820 9892 HB9B 2RN5 DO7,2024/12/05
359,359,diners-club-us-ca,5553707896694650,BR21 8183 3675 2347 3577 5484 474O 9,2026/03/29
360,360,solo,6334044080781601304,ME70 9480 5108 8165 5336 75,2027/10/13
361,361,diners-club-carte-blanche,30574501146656,HR47 3602 0980 7299 1622 4,2026/09/24
362,362,jcb,3548696435715519,FR20 4743 8906 59JS ZFI8 HVZ7 Q26,2026/12/26
363,363,maestro,50189474867378817,LV37 IZUO YZAS FVYJ HYKC 4,2025/06/01
364,364,instapayment,6370979558560706,EE35 0603 7242 8859 5071,2025/09/23
365,365,visa,4041379921034,BR92 1246 2353 1494 0232 3219 650A 6,2027/09/04
366,366,jcb,3540366528567551,FR23 9504 9693 62UY 4KIW DGUU F29,2024/03/31
367,367,mastercard,5007668705199129,MK56 248N 8EBJ UPYQ P70,2024/01/07
368,368,jcb,3544450962519033,GB36 IKOA 1935 7194 8444 85,2025/07/23
369,369,jcb,3529216812621025,DE10 8274 9261 3136 5308 65,2026/07/30
370,370,bankcard,5610057260366027,LI39 6488 5I7V CFMB G5P1 9,2027/11/18
371,371,diners-club-enroute,201825276797401,MC26 4047 9532 370P IJRT 51UZ L52,2025/01/07
372,372,mastercard,5539010314174788,TN46 7031 3469 9652 3063 5055,2026/05/12
373,373,bankcard,5610845358014917,FR18 4145 9275 60BH JTCQ HDDC E79,2024/05/23
374,374,instapayment,6394006977868353,IS07 2042 2599 5639 2522 6262 33,2023/03/14
375,375,maestro,675903752855089978,FR63 5198 6082 80NM AHP5 IVME G84,2025/05/26
376,376,jcb,3578240125637288,LT44 8454 6414 8010 8910,2027/10/08
377,377,maestro,676383764236751280,AE15 5077 7450 1799 0136 775,2025/06/05
378,378,americanexpress,379813864662035,FO42 6203 6908 7969 19,2026/12/08
379,379,bankcard,5602223654518348,KW09 EXUO RHZY U3JG H3QT MXK3 1BEP XT,2027/03/25
380,380,switch,4905272022849882,VG57 MNKY 4280 9480 0353 2196,2027/02/01
381,381,diners-club-us-ca,5485543414110710,SI73 1722 9807 3271 835,2026/02/18
382,382,jcb,3572593695060083,BG27 AIFW 0547 96IL WJCK 2A,2024/01/18
383,383,diners-club-enroute,201847585335954,VG49 AMTJ 8146 6417 3872 0560,2025/03/04
384,384,jcb,3563455739376662,FO52 5851 7474 6682 40,2027/02/26
385,385,jcb,3589375651646522,FR13 2033 6017 43VD I3NF HOQ2 Y50,2026/04/14
386,386,solo,6334154502927840252,PT16 5124 8379 3665 3364 6881 0,2024/02/02
387,387,visa-electron,4175009243403484,MD36 WIDL DMVU ROVK 5QU5 JGSF,2027/03/29
388,388,diners-club-enroute,201644770339275,SA31 34OI 0TY8 PA7D QU6W EWFA,2024/02/15
389,389,americanexpress,372301941579635,PL34 9452 8962 2001 2008 9612 1525,2024/08/05
390,390,maestro,63040641245657797,MC78 1530 4691 63D6 OTHA X9BI F94,2026/12/02
391,391,jcb,3564735394259330,MR03 7607 4598 8286 5705 9319 815,2023/11/16
392,392,jcb,3549700802259470,MC71 6071 9525 17QE GQAR WWFQ V07,2024/08/28
393,393,jcb,3540170545696850,IS55 8148 4374 8205 3773 8481 10,2024/10/12
394,394,visa-electron,4508853659802103,HR82 1076 1421 5007 7822 1,2024/06/12
395,395,jcb,3567220233519795,FO50 0857 4753 7071 86,2024/06/08
396,396,jcb,3557274312913686,BE96 7069 5819 5366,2027/10/07
397,397,switch,493609857855953563,BH21 JDOL OHGR L0VY 6DR3 E2,2025/04/25
398,398,jcb,3564409077653447,LV15 NPHE WDVC VASC LFXP 8,2023/01/18
399,399,jcb,3585436111287549,PL25 2845 9149 7490 8494 5194 6260,2027/03/05
400,400,jcb,3584701087855582,AZ78 POFC JX3O TWJS LWBY AGQZ 0IZW,2026/09/16
401,401,maestro,060495855628878103,DK37 0414 7560 0060 15,2027/05/12
402,402,jcb,3538459528731584,NO77 2661 4747 395,2023/10/13
403,403,jcb,3572650356603120,FR69 1116 8496 51MN LRTP HUBM W72,2025/10/16
404,404,jcb,3537077381558216,LU75 449V HSGA 1EG6 1GCR,2027/10/30
405,405,visa-electron,4508457792757511,FO90 0740 1013 5548 68,2026/10/28
406,406,mastercard,5108758454702831,IL22 7988 1618 8318 9010 522,2025/02/01
407,407,jcb,3540209296187295,GT06 RSVH GLGN KYPG CDZB WDV1 G8TP,2027/07/17
408,408,laser,6304573785476588762,VG59 HDYD 3322 1400 9011 4401,2025/09/15
409,409,jcb,3556932504161023,IT68 T249 4015 445I VTMD 8I0B MWN,2026/12/11
410,410,jcb,3548650485403161,SI82 2002 9995 0028 213,2026/11/06
411,411,americanexpress,340322764865546,BA76 7955 7081 2540 6398,2026/04/16
412,412,jcb,3564875948005316,GI73 DIYA WXOD 2AFO U2I5 CHV,2024/01/17
413,413,visa-electron,4913475546661960,FR87 8419 6094 72ED GKDI P4WK J98,2024/01/05
414,414,mastercard,5010124558691148,GR48 1266 252Q G6PQ XMAQ WF0S MNK,2027/12/25
415,415,americanexpress,377715765466774,IL06 0016 5867 9004 5518 989,2027/12/27
416,416,maestro,676140517697067412,RS25 1811 9609 1994 2576 60,2027/12/14
417,417,jcb,3535311379131260,AT93 8847 4746 5194 4627,2026/08/28
418,418,americanexpress,342204972195056,GB07 NIGV 9633 6737 7991 49,2024/09/07
419,419,mastercard,5481463456395950,FR50 1220 5614 20JT 5QJV SOAP O47,2024/09/26
420,420,switch,4936204319900004440,GT28 L3VA NVRP O1NF E7TU SRVI CWML,2025/10/24
421,421,diners-club-us-ca,5593112287682087,FR16 4308 4848 79ZZ C8L8 CRCU 982,2027/11/25
422,422,jcb,3552084508142775,PT24 5359 3084 1292 9952 2898 8,2026/06/10
423,423,visa-electron,4405259509143975,LT38 6297 6186 6599 2438,2024/05/06
424,424,jcb,3576672128883901,PK37 USLQ NLKN WX4M NIZ8 JQ6E,2027/03/06
425,425,china-unionpay,5610053606855393,MC83 6076 6761 36WE WNA2 B16I I14,2023/02/01
426,426,mastercard,5475685514222481,FO66 7164 8176 3281 32,2026/01/03
427,427,diners-club-carte-blanche,30003338917311,MK06 881I KBNT RHFF 340,2025/09/12
428,428,switch,6331101103279611,FR53 2976 2757 48TN MRF2 JRCL S67,2027/10/28
429,429,mastercard,5048376204201302,FR37 6080 6290 96IZ TXXG UC0V C63,2025/06/14
430,430,mastercard,5553091135617990,GT16 NWPM WRJW JVGM I0NZ IVQE VFUI,2026/03/05
431,431,visa-electron,4917298950503684,VG06 EXIQ 2384 3633 5166 9398,2026/12/03
432,432,jcb,3541791497940027,MT98 HHJD 4800 4XG1 QDGY CIFL T57F BKE,2027/03/31
433,433,mastercard,5007663006855834,LB62 0870 6P5P TZKW OLC8 3VXF XHL7,2023/06/14
434,434,instapayment,6376346009288358,CZ94 2524 3978 3843 1458 4563,2027/08/26
435,435,diners-club-enroute,201828352383302,BA39 9351 5776 4819 0439,2024/07/18
436,436,jcb,3529524630877749,BA15 8912 1277 5670 1766,2026/06/17
437,437,jcb,3542602639632290,FR06 7129 3377 48ZL LNVB WBTA I25,2026/05/24
438,438,visa-electron,4405954252627337,IL02 7853 7920 5587 8625 165,2026/05/10
439,439,mastercard,5592205077811436,KW80 SFYU FCQP DSB3 FAPQ YLDF 07IR LQ,2026/03/15
440,440,diners-club-carte-blanche,30031226413481,IS43 1602 5732 9652 3043 9997 78,2025/08/19
441,441,bankcard,5602213386800551,LT22 8835 2603 4581 2530,2024/02/26
442,442,maestro,630401000527894520,SM22 W321 1184 393K ZFMM TBZZ BZD,2023/09/08
443,443,instapayment,6399218129467498,SK91 5652 7981 7242 0389 3233,2026/08/13
444,444,jcb,3557183978933252,LI97 9464 5BSS 0BNE R8KM 3,2023/06/19
445,445,mastercard,5100133464840328,AE35 6083 0897 9485 7866 448,2026/03/31
446,446,instapayment,6399410279505975,HU58 8686 1621 5426 4348 0440 8032,2024/11/19
447,447,jcb,3553398885934953,SI97 0488 7894 5960 287,2024/12/08
448,448,jcb,3588877516129660,BA28 5889 2981 9427 9848,2024/01/24
449,449,diners-club-carte-blanche,30589878394713,HR87 3846 6895 4603 6714 8,2025/08/01
450,450,jcb,3573131718604386,AL64 9393 1510 JRQZ 3BQS L9MS MQP8,2026/07/17
451,451,switch,491174701443395078,TR21 5211 3QJD FGCO KAHG DQP5 Q7,2023/04/20
452,452,jcb,3540388564590396,SM40 O398 1816 375G JBIM YMMY ULN,2023/07/15
453,453,jcb,3571029619632443,AT57 1404 6943 5384 2206,2026/03/23
454,454,jcb,3569718317846537,FR38 8714 1906 14MB JOWC VYUF M24,2023/08/01
455,455,americanexpress,374288200320124,CZ51 6859 1941 8378 1008 4461,2027/12/23
456,456,jcb,3576042403927114,MR88 2646 8036 0484 8730 3105 199,2023/04/30
457,457,mastercard,5108755746643526,NO17 9618 5268 701,2025/08/06
458,458,jcb,3536671591364430,MD69 LS94 PIDR PZLH 4WVM XFAB,2025/10/31
459,459,jcb,3556188736844833,AL14 3119 0250 JPFQ VWPW OJI2 QGAI,2026/10/28
460,460,jcb,3535279386177032,FR77 1317 3419 94AD MXT2 YJHP 624,2023/03/31
461,461,diners-club-carte-blanche,30408804951357,SE35 8663 1709 3475 8779 3170,2025/08/09
462,462,jcb,3530203913586460,MT59 AEUB 2874 43QX UCV7 ASBO G9Q2 JWJ,2026/02/28
463,463,jcb,3588835092706384,ES73 2240 1753 2522 2790 4214,2027/03/31
464,464,visa-electron,4175003846610850,DE81 3181 3671 7665 6977 79,2025/03/19
465,465,mastercard,5010127270301557,CY23 8996 3321 SEOU ZLUQ RSNU IETC,2026/09/28
466,466,mastercard,5587247846667407,GR68 7807 236S 9Q8V EC9V MVQK EEX,2027/11/05
467,467,jcb,3535025851606249,BH96 DQKV LOT2 JFTT XPZC JX,2023/03/26
468,468,jcb,3534049373084843,GR26 7480 716L FDDH EJH4 WDL0 OVE,2024/07/31
469,469,mastercard,5100136856516646,AT17 5099 9948 1459 9639,2028/01/01
470,470,jcb,3529575974535210,LU51 561I UPLO ECBD CXJY,2024/12/07
471,471,maestro,5038564128305613996,IL96 4503 1740 6767 6499 963,2024/05/25
472,472,visa-electron,4175005595998675,MD79 4Q3O ESQG N6YZ IMXZ R4NA,2025/09/04
473,473,jcb,3566272047882936,HU41 3667 9388 9979 7733 7681 0414,2024/11/26
474,474,americanexpress,374622223866715,FR62 0644 3124 68GD 37V4 DIPG Y14,2027/12/23
475,475,diners-club-carte-blanche,30074095598081,GE43 ZA16 9295 4700 8956 77,2025/12/04
476,476,jcb,3560678774638646,HU37 1244 4996 8178 9735 7668 4030,2026/09/07
477,477,diners-club-carte-blanche,30525265397653,MU49 MISX 1158 7475 4182 2658 919P QF,2023/10/13
478,478,jcb,3539221870245517,EE49 1341 4122 5974 1388,2027/04/01
479,479,diners-club-enroute,201556600215501,FR84 0878 5630 68WH MOQ2 WKTW I31,2026/12/14
480,480,maestro,6762054175018818546,KW14 WGRY QWZR PIAF SOR6 IU83 EZGK 5A,2025/11/07
481,481,maestro,5018476275896133,GI83 SBLD NAMH WSXM AGJ9 TTA,2025/09/28
482,482,jcb,3529658232639998,PL32 4129 0612 9615 5429 7225 6809,2025/05/11
483,483,jcb,3539019954602367,PK82 SWWM 92RL 6E9W YNUY UFVU,2024/12/12
484,484,jcb,3540688797081398,SK32 8016 5284 2544 9475 8683,2026/07/04
485,485,bankcard,5602217300198182,FR57 3064 5036 040L 1CM4 NZ0M B51,2027/11/23
486,486,jcb,3559869852929402,MD29 LYMC DVX8 1W7E 3RTE SSCJ,2025/06/25
487,487,jcb,3538908246539323,SM48 E161 5596 952B UWYQ WG4Z FMX,2023/08/12
488,488,jcb,3560218937689861,MK80 134Z EFW5 0V64 O52,2024/07/12
489,489,jcb,3580849403111208,CH26 6947 4XB8 4TOK FMEW U,2025/12/02
490,490,americanexpress,373395802610017,GT40 QBWF WF80 56HJ JDQ0 AJNO K5QY,2024/09/10
491,491,jcb,3582537257768409,HU17 2731 6734 6651 3729 3850 9600,2027/01/31
492,492,maestro,6763399426015038,ES88 4501 1023 6974 9634 2242,2024/07/06
493,493,jcb,3572687869722336,IS19 7394 1673 4422 5978 7766 73,2023/06/14
494,494,mastercard,5325072791583418,PL46 0049 0095 8989 4227 7558 8253,2027/04/02
495,495,laser,670606383770963849,SA50 45T4 UICF RG0P LA4D 9OLE,2025/09/05
496,496,diners-club-carte-blanche,30173152349634,NL43 IKII 7674 9127 93,2024/07/25
497,497,diners-club-enroute,201664924070394,TR18 5756 9OD5 USOI SAMS XGTS Q2,2024/09/10
498,498,jcb,3573057256575888,MU11 JAZT 5775 6620 5737 7328 596R YU,2024/05/14
499,499,americanexpress,374288810152180,SK47 9378 3989 4841 1810 2209,2023/11/27
500,500,jcb,3533435542367923,IE47 JLPQ 8818 1357 2510 05,2026/04/29
501,501,diners-club-enroute,201670096796484,GL48 6395 0345 1475 73,2024/06/26
502,502,bankcard,5602212260195377,FR04 0416 8620 33GO DRAN VJV6 F84,2024/09/17
503,503,jcb,3533650665988764,TN23 2783 2101 2169 0978 7556,2026/04/13
504,504,jcb,3563242952872571,VG78 HZDA 2155 2726 9876 3442,2027/06/20
505,505,jcb,3530401267366923,FI55 1265 5147 6535 10,2024/04/30
506,506,jcb,3563890472298691,TR33 9150 1BTJ 2C3P H7NP IOFO NM,2026/08/12
507,507,china-unionpay,560222367054871809,GE49 VI42 4911 1032 3798 14,2027/06/03
508,508,jcb,3535286612725997,LI46 2817 6R2M BJZI IVYJ G,2027/12/18
509,509,jcb,3528682258994963,AE69 8407 9017 5811 2206 264,2025/01/05
510,510,diners-club-us-ca,5506315574904066,FR23 2693 0296 16NO YN65 OZWI L18,2027/06/20
511,511,visa-electron,4844429541296904,AT47 3827 3716 8552 1979,2026/11/11
512,512,jcb,3551719915339792,SM28 F023 2035 8923 I1XB 4BOA IJG,2024/10/16
513,513,jcb,3562229193615282,PK59 QRGJ TJYN BDPG RIPT K3CU,2027/10/07
514,514,diners-club-carte-blanche,30504148636363,FR50 8552 3293 06AN 6QTM PGE8 529,2027/01/29
515,515,jcb,3582064933234078,BA81 7082 5491 3556 8681,2025/10/08
516,516,switch,4911186841500242414,MU86 ZSRT 8910 7057 9486 9687 544Y LT,2024/06/11
517,517,jcb,3578244065481913,IS23 5017 8781 8774 5494 0225 71,2026/08/15
518,518,mastercard,5048375580645272,DO65 NY4O 9183 2249 2846 8756 0941,2025/10/08
519,519,visa,4041591549449,LI96 7370 3CMW ELKH 3XNU 4,2024/09/02
520,520,jcb,3551814322247645,CY85 9675 3276 NDHA PFUR CLUV U4EG,2025/06/04
521,521,maestro,63046563252539482,GT24 NDXD QAAR DFWG SVDX BNKU FFPN,2025/09/05
522,522,jcb,3569884910272156,LT12 1118 2971 8217 0011,2025/04/23
523,523,instapayment,6382686304440648,GI46 XCUQ CCA8 YYBL PQXM XE4,2024/10/18
524,524,switch,4903493091060662,PL06 7013 3442 2754 7000 7906 1966,2027/04/11
525,525,diners-club-carte-blanche,30410942966099,MR21 5389 6060 4581 9366 4909 972,2024/04/25
526,526,jcb,3577608735101906,MU75 YGYM 6766 9406 1217 2796 030M MK,2024/02/09
527,527,visa,4041593186067,FR54 4820 7782 47KL HBDX E35D 148,2026/07/21
528,528,maestro,6762874956640802,DK02 2480 2731 9217 92,2026/09/13
529,529,china-unionpay,560221638230304654,FR68 2425 4304 65O0 93S1 TLB0 D23,2027/07/25
530,530,switch,675984714932535730,FR64 9215 8003 57TS 4RHL SSND A79,2026/11/03
531,531,americanexpress,337941219594636,LU52 2056 NVNT EEQV E8B3,2026/02/11
532,532,visa-electron,4405803009962325,PT18 4689 1657 0117 0300 3234 2,2023/09/27
533,533,visa-electron,4026557017202756,CY27 6453 9790 XPTQ ROBX LD7D QL7A,2025/02/19
534,534,visa-electron,4175003688573067,BH13 VAED 1I7U P409 USRR YJ,2023/02/15
535,535,mastercard,5100135896941632,AL84 1008 1196 IRTY QEXU C8IB M8KK,2024/05/03
536,536,jcb,3580437289759025,MR06 5715 6420 9262 8847 3528 206,2023/04/29
537,537,jcb,3562614790871083,BA98 7446 8659 7075 0074,2024/11/14
538,538,switch,6759864956702389878,FO33 6573 4084 5546 93,2027/10/14
539,539,diners-club-carte-blanche,30231217659494,PL40 1099 1193 3028 1883 9057 8161,2026/01/16
540,540,visa-electron,4508566390783255,FR23 8504 3578 963W JYSJ ZGVD X25,2026/06/19
541,541,jcb,3568750795815685,MT39 PKWW 1921 1KIX TOBG KA28 2M4J QHI,2027/03/29
542,542,mastercard,5234829964623572,MK67 791I EBIU DTL7 V53,2026/05/23
543,543,china-unionpay,5602218763116264952,PT13 7912 2826 7923 8601 4063 1,2024/11/30
544,544,maestro,50186417977435731,FR69 5790 7600 40UN YZKL CYLB Y06,2026/02/14
545,545,mastercard,5201766040969745,IL31 3378 4693 0021 2691 091,2025/07/14
546,546,maestro,5893720138349883,TR47 4957 2KON FAJA WMZL ORYN YQ,2024/12/10
547,547,jcb,3552254355427427,NO14 2373 3549 963,2023/04/13
548,548,americanexpress,344495265846672,RS47 1786 7231 3945 3119 58,2024/08/07
549,549,maestro,67615830673990475,MK08 2066 IX2L W8VA U88,2023/02/04
550,550,jcb,3561970451077696,BA55 8793 9505 1400 3735,2024/10/25
551,551,diners-club-carte-blanche,30193149577758,DE06 5320 5643 3181 0639 95,2023/07/16
552,552,diners-club-enroute,201660008669499,LV35 NCLJ CION T40T FU6G 5,2026/12/20
553,553,jcb,3583752812406937,BR24 2433 2033 1990 3055 8351 366F Q,2024/02/23
554,554,visa-electron,4405480741041047,FR68 6228 8607 60JX DF0V HVW1 H69,2025/05/25
555,555,maestro,0604247671311427553,MR51 8009 2445 2957 4943 9385 598,2025/01/16
556,556,diners-club-carte-blanche,30501368610177,PK93 JZRK WTON A23J 683K MSI1,2023/11/20
557,557,switch,675994428167522275,SM49 E609 5219 288N LIEP R01H SEN,2023/04/07
558,558,jcb,3539590984518732,HR37 3257 1009 5876 3216 6,2024/09/16
559,559,jcb,3557041294893826,AT16 0974 1664 5969 0675,2023/06/09
560,560,americanexpress,372301864603693,CH52 5247 3CA2 AWGH UMKG K,2026/06/15
561,561,diners-club-enroute,201880382534313,FR78 4822 3320 00FY UJDM 7GDD W69,2027/07/24
562,562,diners-club-enroute,201499412866296,PS89 GQQX 7RFW QAXZ ZSXS GXH9 D2OK B,2024/05/28
563,563,americanexpress,343273086515003,SK10 3943 3183 0633 3323 7715,2024/08/20
564,564,jcb,3561192778355727,AE44 4340 8377 9159 9022 668,2025/03/08
565,565,jcb,3544867120217640,AT65 6478 5864 7883 3196,2025/09/24
566,566,visa-electron,4913049740572800,TR92 7543 4KES XEGU OE90 XUCD BJ,2026/08/21
567,567,diners-club-international,36114392777857,GT38 NN72 22TZ OUZV LF2O FMQE M4EZ,2023/02/17
568,568,jcb,3554012305691403,LI30 4208 1CTX COO3 EGDF H,2023/07/05
569,569,mastercard,5491278827195576,BG36 QRWV 5025 90HI KDIH 7Z,2026/04/02
570,570,bankcard,5610842799288101,CR95 9747 4722 7794 6814 6,2027/10/17
571,571,switch,675908717444626627,PL33 8018 3994 1991 1666 2263 8452,2025/03/01
572,572,jcb,3577448325485496,LV39 VCYG VSAV OTC6 MSLG F,2023/10/13
573,573,visa-electron,4913609416984157,GI94 XORI F5SS C0YM KJ4I SFY,2024/01/23
574,574,switch,4905202322364697565,KZ72 390F 6F0B T3IT Q9OZ,2026/05/21
575,575,jcb,3539734917561282,RS72 5874 8145 6344 9217 23,2026/04/21
576,576,americanexpress,341463923978868,FR62 0077 7748 14YO DWJN C8RV Y56,2026/11/09
577,577,americanexpress,374283653769356,ES71 6019 8376 7954 4700 0993,2025/07/01
578,578,visa-electron,4913853885499574,FR37 5256 0585 46A6 HNG5 YEJP I79,2024/08/18
579,579,switch,6333768053856485388,IE88 QQBK 7713 0708 4451 61,2023/10/25
580,580,maestro,502088388836319268,SE11 2837 5859 7918 2657 0842,2025/01/23
581,581,jcb,3574587318163165,PS27 CQHS 3J3S GQRM JVSV P7XK GT3R C,2023/04/21
582,582,americanexpress,374283370543563,HU42 2576 8826 5962 6037 4400 6465,2024/04/07
583,583,jcb,3560080266189347,SE68 5214 0279 2397 6249 2048,2026/08/06
584,584,jcb,3550150895820224,HU45 0647 0521 3874 4175 4035 3219,2024/08/08
585,585,jcb,3548113642135044,MK63 274S AO9P KSAB F04,2025/10/24
586,586,china-unionpay,56022295036873877,GB57 DWQA 2244 3615 6167 00,2024/01/29
587,587,diners-club-carte-blanche,30554791987357,GR53 1183 986I IHDJ BZV4 AVIB BZS,2024/05/28
588,588,visa,4017957095643114,BA24 1415 2603 0432 6178,2027/07/30
589,589,mastercard,5048374233048448,MK31 411C M9NC GWSQ H68,2024/01/25
590,590,jcb,3542607913013679,IS47 1739 8213 0473 8396 8448 46,2023/01/16
591,591,maestro,6763054333462626422,GT37 WLN5 JVAZ SUCL MJUO ZRZE UL6O,2024/02/28
592,592,jcb,3530103396178571,IE62 AYBV 9268 2386 8920 33,2026/03/29
593,593,china-unionpay,5610522819343036623,SI83 0522 9583 0945 339,2024/10/19
594,594,jcb,3570710703405124,CZ19 1720 5058 0336 6048 1921,2025/11/09
595,595,americanexpress,374283466982840,CH54 7016 4M6X DWS3 QMI1 6,2026/06/15
596,596,diners-club-enroute,201429973706102,MC59 9627 5396 64WA CRYH Z4UZ 711,2026/03/07
597,597,jcb,3537677156452253,HR24 0425 0401 8861 5659 8,2026/08/29
598,598,jcb,3538619322719008,TR22 5568 08BY ENCD OVTF KBEB S9,2027/07/17
599,599,americanexpress,344121828107382,FR21 3965 1265 03MN CVDM GI4C W82,2025/10/11
600,600,diners-club-carte-blanche,30167531633148,SA18 92IR HHOR BYLL UT7X K14Q,2027/12/26
601,601,laser,67063679808299907,BG41 DRDX 5987 46MR RDGR 72,2025/05/15
602,602,americanexpress,379446884486083,PT24 6520 2245 9448 5296 5053 3,2026/09/08
603,603,bankcard,5602247624519037,DO59 TDR3 0442 8088 8017 7601 8200,2026/08/14
604,604,americanexpress,374622674045686,EE10 4976 9719 8359 1626,2023/06/18
605,605,maestro,503855664105689626,CZ75 2667 4968 6768 4864 4104,2026/08/19
606,606,maestro,6763914938394299,SE31 2076 3452 9093 0544 9891,2023/06/14
607,607,mastercard,5007669838416042,ME43 6270 6712 1208 6969 40,2026/07/10
608,608,china-unionpay,5602242934899536821,MK58 888J 4HJ1 XDYZ R82,2025/08/22
609,609,mastercard,5048378514711863,FR03 0878 8832 22YX UJOK IIOQ N91,2025/09/24
610,610,jcb,3565583164585537,FR31 7304 8973 00M2 HNZM DTP7 G25,2027/09/21
611,611,diners-club-enroute,201846859148606,SA31 89ZO ZJX6 LHIQ HG4J FTSX,2027/08/01
612,612,jcb,3584538264906188,KW34 JTTQ QSUB GO8P WZRV SHZ2 KTJK 2Y,2025/12/21
613,613,visa,4084909869115223,FR08 5204 5493 04SU 32SY SLPZ 105,2025/08/22
614,614,visa-electron,4917970730175401,FR40 4019 6236 09AZ BVXQ CIQE 002,2026/05/19
615,615,americanexpress,337941918559757,EE78 8697 3181 7180 4953,2024/10/08
616,616,diners-club-enroute,201431643308780,AZ43 KQWT HA2X 0BU5 XWBN 4YAS 0UD3,2027/01/24
617,617,jcb,3581435531627783,RO78 ROLG JY2H SXJK YQEN PZFP,2026/10/30
618,618,mastercard,5100179425888864,FR21 4525 5348 05OJ BOWM TM8K F35,2024/08/14
619,619,china-unionpay,56022409392903539,LB93 6942 6BB2 AVCW HJHC YHN9 2EOS,2027/04/03
620,620,jcb,3573184767695888,PL72 7080 1292 3757 0625 6252 1429,2025/02/28
621,621,jcb,3548528690589349,GT62 BUFE PRG3 K1NP 4OXI ILON ZKXA,2027/05/24
622,622,americanexpress,337941777343319,BG04 SHUS 1110 68RH R9SQ DG,2028/01/08
623,623,jcb,3587675475635995,LT27 7510 6181 1835 4376,2024/10/07
624,624,americanexpress,374622286244909,PT37 2934 6120 2985 5281 2254 7,2023/06/26
625,625,jcb,3585733894162299,MC95 0905 0585 52Z7 ZOD3 GSD5 S93,2023/05/29
626,626,visa-electron,4405861038770820,PL64 8103 5437 2629 9341 0625 2733,2023/02/19
627,627,jcb,3551510197273704,IE65 MWLI 1089 5591 1165 67,2023/02/26
628,628,jcb,3549747956389082,AE77 8545 9761 7183 7458 055,2026/02/09
629,629,visa-electron,4026122029158973,CR69 6414 0070 7766 1768 8,2024/02/12
630,630,jcb,3589052805043480,FR48 5427 6122 15UI PBEX L5L4 O58,2024/05/29
631,631,jcb,3537438820942983,IE98 GDSH 6273 7250 3603 66,2027/07/25
632,632,jcb,3585885989144804,MT05 GQDK 0652 159R SEDW XLNZ WRIC EYI,2026/08/28
633,633,maestro,50387922857062486,PS86 ZINB YWZT ZP0W E2OA YEVZ 1EG5 R,2026/02/24
634,634,mastercard,5524133461940376,FR32 4447 7825 54BL EBQ5 WKJP N38,2026/11/23
635,635,diners-club-enroute,201428102727971,MU69 DTFO 4685 6701 1961 8623 613V HV,2027/09/30
636,636,jcb,3546597780809976,FR86 0373 9840 74KK XX5W 1Q8D P90,2027/09/24
637,637,mastercard,5007665295937900,FR70 7041 7752 18I8 IXHY PGCX P01,2026/02/16
638,638,switch,6333566016876171712,SA72 97HN JADG MMG1 E71L NK9X,2023/02/19
639,639,china-unionpay,56100783409823939,TN89 3924 5869 3035 1598 2173,2026/03/28
640,640,china-unionpay,5602227525198674054,SK59 5125 4145 0242 1008 7892,2026/05/10
641,641,mastercard,5100141481957470,FO74 8121 5606 3098 42,2025/10/18
642,642,jcb,3566979149344785,AE27 1126 2129 4302 8379 726,2026/06/29
643,643,jcb,3540610418290265,RO21 YXEJ HGX7 OLLO D2RN GXBV,2023/12/06
644,644,jcb,3563777127301170,KZ37 641Y ULXT QLYF AVCH,2026/06/02
645,645,bankcard,5610359467973294,LV35 RXFJ D8QE R3Y7 G1WC 3,2026/07/12
646,646,maestro,0604412014380007,LI21 4606 3QN5 HEI8 UWGR Z,2025/10/09
647,647,jcb,3573933773003424,ES89 5955 4966 0173 3930 4221,2027/11/09
648,648,maestro,630463837215973735,FR66 5921 9447 870W 0RYA W0NX N33,2026/04/28
649,649,visa-electron,4913248475802149,TN77 8792 0527 6154 1678 5702,2027/07/16
650,650,jcb,3577535400796084,DO80 PTU2 2962 8862 7808 6276 1482,2025/06/02
651,651,jcb,3561192211530910,SA62 94BK ZDN7 L0VY 46AO 01MZ,2026/11/05
652,652,jcb,3567932359757609,CH77 6831 6DIX AMPT K2XE 6,2027/06/13
653,653,china-unionpay,5602218263359787,FR93 5794 5851 709A OCMS Z2AI E62,2024/04/09
654,654,instapayment,6381492034751136,CH52 1527 0GWK KK4T H40P R,2025/05/31
655,655,jcb,3544056971481022,ME57 8350 1502 7914 3335 92,2024/10/24
656,656,china-unionpay,56022195529149944,MK21 241F GMAR QROO 262,2024/12/01
657,657,mastercard,5002357572521830,CY09 9388 2679 SIXW GER4 ZX9V WJK3,2025/08/24
658,658,switch,6333533458956353010,FR21 0279 8349 00HR PQ30 Z4DC D05,2023/11/28
659,659,jcb,3550694557517347,LB83 7416 LZAB A6IJ 9OIV X31M 8KI5,2024/03/31
660,660,mastercard,5010127495737122,FR57 3321 5787 703J PFKD EUG8 T61,2026/12/16
661,661,mastercard,5007663720034856,AZ45 CJWD PITV SDD6 D7ML POLO RBFX,2023/09/16
662,662,laser,6706017930965387,FO17 4092 1379 5420 05,2026/02/15
663,663,americanexpress,374622089440746,AZ84 DVPO FGOR RZLH G3J6 ZKYB OABW,2027/05/30
664,664,jcb,3553950477108139,LV18 RGVZ X6CY F6BN SFIG L,2023/01/03
665,665,americanexpress,374288112504336,IE05 MZYK 4938 1907 7848 08,2023/01/26
666,666,diners-club-us-ca,5575455989883079,PL92 7472 5576 9794 2645 5855 3391,2025/07/14
667,667,laser,6709466464330772,EE40 3934 0240 6412 7897,2025/07/16
668,668,switch,4911274709849822951,GE80 NG67 5276 0552 1740 22,2025/03/31
669,669,diners-club-enroute,201899017384787,DO25 SXMK 8702 8921 9349 8359 5942,2024/05/15
670,670,maestro,5038050593399275633,GB16 SEDP 8939 5785 3085 23,2027/08/24
671,671,americanexpress,374622239698557,RS79 3684 0849 8292 7745 43,2024/02/15
672,672,jcb,3574961761958746,FR04 8742 1477 12XX ZDYZ XR80 F97,2023/04/12
673,673,jcb,3560744910915676,MD20 LDVI 2LS0 UYWS DJA1 CQER,2026/03/20
674,674,jcb,3529095555082474,FR30 5554 2431 03KO SRCA UPGU R40,2023/11/24
675,675,americanexpress,346467055216497,DO10 AS08 8905 7738 6108 3844 3843,2026/02/19
676,676,jcb,3571194640043422,MR18 4208 0562 8025 7530 1328 649,2024/04/24
677,677,jcb,3561708322833719,PK25 PYAL JF9V 3FAX QDOF I1CC,2027/05/03
678,678,diners-club-carte-blanche,30444189769064,IT62 K681 8206 963U LWEG NTOX N8Z,2027/08/19
679,679,jcb,3564203398141962,MC66 5535 7184 21PW REWZ HYTV O64,2026/05/08
680,680,diners-club-enroute,201524816950048,MC02 6576 8247 96IR CVRD I1CG U23,2025/02/10
681,681,jcb,3588195991318827,PL91 6737 0704 1187 7918 5585 8223,2024/05/06
682,682,mastercard,5471309047538875,GR48 9334 866K FYEU 8AW4 VIL6 FZV,2023/01/21
683,683,maestro,6762853765909595402,BA57 3949 1915 8739 6610,2025/09/18
684,684,jcb,3563034763548940,PL11 3665 7359 3003 3356 8122 4060,2026/04/29
685,685,jcb,3532297766693199,PT56 1271 5850 6386 7111 6403 1,2025/08/19
686,686,diners-club-carte-blanche,30461062410079,GB11 DHRA 7793 0810 1650 03,2027/10/21
687,687,jcb,3557738383402613,RS82 7273 4803 3748 2045 60,2023/09/23
688,688,jcb,3539046396960384,TN97 5756 2570 4874 6602 9944,2027/05/02
689,689,diners-club-enroute,201833874911317,RS11 6388 8372 1245 1453 46,2024/09/26
690,690,mastercard,5108751087051759,IS33 1663 8543 8743 5857 3429 80,2025/07/28
691,691,jcb,3556319765423237,ME81 1211 7690 0594 6408 75,2026/08/15
692,692,diners-club-us-ca,5463059128123549,AL77 0802 7688 CDNT ABWY BJIR TIHL,2025/10/02
693,693,visa-electron,4913970112397684,RS10 7067 9811 7394 7577 74,2026/11/02
694,694,americanexpress,337941857069818,AZ31 KBEZ OBDM UYMK K2FH NJXS SOO9,2024/09/23
695,695,mastercard,5002352886154568,SK38 5899 9578 5513 7967 3083,2024/06/15
696,696,mastercard,5100170838229416,AT82 0633 9512 3200 6394,2026/04/18
697,697,visa-electron,4913000982576652,IS13 4309 1053 4491 5554 1955 08,2027/05/13
698,698,visa-electron,4917751182875882,MD45 3NCH AQHU 33GS ETA2 FDB0,2026/12/14
699,699,visa-electron,4913543679682556,LT14 8675 0108 1339 4006,2024/09/13
700,700,jcb,3570728153214960,RS72 2747 1397 9851 3297 49,2027/03/01
701,701,jcb,3555503808855288,FR84 9119 1119 824T L8G2 HNYD C09,2024/01/26
702,702,diners-club-carte-blanche,30472803194880,HR74 9394 7152 3614 9004 2,2024/08/10
703,703,americanexpress,372301127991596,AE83 8125 9378 3986 2283 623,2025/10/13
704,704,diners-club-carte-blanche,30002347709883,LU30 276H KHHM MGNG HOFL,2024/06/26
705,705,americanexpress,374288288320590,SE22 2777 8791 6397 2591 9883,2025/10/01
706,706,maestro,0604585263169682,GT28 OSXD XNMX FKJB T9VC MISX TFOR,2023/07/19
707,707,mastercard,5491784960446833,FI71 0475 3504 4509 19,2023/02/28
708,708,mastercard,5532861329410253,LV56 KUPA PIPG PNPI S5KN G,2024/07/24
709,709,jcb,3536294027120514,IE56 QFUC 3982 2435 5619 76,2025/08/01
710,710,jcb,3532095180192586,GL65 2266 3083 4124 32,2023/03/12
711,711,bankcard,5602242160279740,GT98 OXJ6 BY2I 43BW ZT1G RC2J ZFZT,2027/07/16
712,712,jcb,3559627486838260,MC59 6911 9121 85TK 6WAD SXZH F08,2024/04/28
713,713,visa-electron,4405082388065352,LU52 428Y WFD2 JRTK FGFP,2023/05/02
714,714,switch,5641827161341797,FR29 5400 4998 27CP EVHR TMAS L74,2023/10/25
715,715,jcb,3541323228797409,IT57 S807 2354 286J 2GKX XOPK 6FP,2023/04/21
716,716,americanexpress,337941909786062,MT45 WNSS 2801 4CV5 NK6C XJG3 TUTL JOB,2024/11/04
717,717,laser,6709766403730933314,FR65 3504 6593 61WJ 2XDT 6KBV C95,2023/03/07
718,718,jcb,3570038526707520,MK82 6378 KO25 8KAA F29,2025/02/08
719,719,visa-electron,4844197023114271,KZ61 464I QAJP LW9I 9DUE,2023/07/20
720,720,jcb,3546426870997857,SK49 0057 2896 6100 2329 7476,2023/11/17
721,721,switch,4911287926043228398,TR27 9179 1UT3 TLLA WWFF CLH5 YM,2025/09/18
722,722,jcb,3567919888904125,FR55 7288 9248 23DM GKNB O4C0 B78,2025/12/24
723,723,diners-club-carte-blanche,30584533749575,IL35 7206 9381 3503 0010 842,2025/05/21
724,724,jcb,3572854547415317,IT49 U886 1801 545O QOKW M6YS MD0,2024/08/12
725,725,jcb,3545611582263836,MU03 ILKI 8616 0670 8427 6126 490Q WS,2027/01/20
726,726,visa-electron,4026916617775860,ES65 5416 2675 7523 4267 0632,2023/12/01
727,727,jcb,3571145520146974,GL05 1554 1652 5999 45,2026/02/20
728,728,jcb,3582438867771596,RS14 4769 0472 0000 4502 48,2026/05/14
729,729,instapayment,6395900704723817,BG69 LPNB 3260 96WS XJTM 6N,2026/03/25
730,730,diners-club-enroute,201961700057359,MC75 9664 6902 831N PUCI KMDP Z09,2023/12/23
731,731,diners-club-international,36388842011592,BG76 KGZO 0213 64UO MUSB VM,2023/03/14
732,732,jcb,3529564951640722,GI86 PDVP QOMC OH7O RCDV VUY,2025/02/15
733,733,jcb,3551182916832309,AE66 1048 9993 4031 5627 149,2026/05/11
734,734,visa,4041595563016,MR94 2270 5915 1751 5193 7731 391,2023/07/18
735,735,maestro,5038945867136783672,PS26 AMND CU9E CYJK BZPZ OWI9 GIIG 4,2026/01/10
736,736,jcb,3562775259126267,CZ62 7602 7100 3411 5987 1115,2025/10/02
737,737,jcb,3540834318953349,IS46 0955 4096 8748 2543 0631 28,2025/04/01
738,738,jcb,3560297214259846,LT78 1930 6836 5973 5436,2027/09/10
739,739,jcb,3532308540509971,FR54 2714 2207 741X I7WL XFIW P38,2025/03/17
740,740,jcb,3541936985862890,GL80 3985 9014 1587 73,2027/10/28
741,741,mastercard,5297960484258658,TN80 8960 4525 6455 7317 4895,2027/04/06
742,742,visa-electron,4844696730632145,GB03 QHRO 8321 1012 5854 11,2024/08/05
743,743,mastercard,5353602084221014,GB90 QYGY 2801 1528 9001 42,2025/03/14
744,744,jcb,3556880451552308,BE52 2439 9520 0037,2027/10/27
745,745,jcb,3582816027629012,BR90 6764 6503 7143 8107 7826 556P 4,2025/12/19
746,746,jcb,3557115845754123,PT86 0253 4540 5812 2163 5073 6,2023/12/23
747,747,jcb,3569196989167260,FR34 2127 4039 70ZX QV4Z YK2S I61,2024/07/05
748,748,china-unionpay,5602212914086493,BA98 1213 5958 2792 2669,2024/06/25
749,749,visa-electron,4844793932350111,GB66 KAAK 1864 2280 5574 88,2024/12/02
750,750,jcb,3568836359510257,FR93 7887 9004 959H LYWR 2RGQ V30,2027/07/30
751,751,china-unionpay,5602232149367262550,SE13 5512 5525 2570 3306 7985,2027/05/24
752,752,jcb,3546194527304477,MR89 4000 7781 0955 7562 4604 690,2026/04/16
753,753,jcb,3588855593448484,FR75 3877 9978 928U 036D LUJK Y85,2023/09/15
754,754,jcb,3540999466395450,IL17 2347 4421 8938 9780 181,2025/10/11
755,755,instapayment,6383799764999562,FR68 1684 3228 663S 1CT2 AR0G K16,2024/04/16
756,756,americanexpress,342125033645617,TR89 2488 6EE8 KZOP ZRMN 5RS6 BD,2024/11/15
757,757,jcb,3535979025724538,AT47 8220 4456 1524 8741,2027/06/07
758,758,jcb,3543042284640653,SA95 44BT 5KRB 0JGP MFKM SMLO,2023/11/30
759,759,jcb,3584414541022340,IE95 WSAH 9119 2614 0360 00,2024/08/16
760,760,jcb,3558347786717681,PL45 6311 2427 5607 4151 0015 5500,2024/01/20
761,761,jcb,3546336114315271,SE14 8374 4995 9221 6421 7863,2027/08/20
762,762,diners-club-enroute,201779632626087,SI91 3995 4926 8782 481,2026/02/10
763,763,diners-club-enroute,201486566843577,DK22 5629 5120 6626 64,2027/08/01
764,764,jcb,3551484326470419,FR92 3266 5485 470G GXB9 6RVH J53,2026/06/18
765,765,switch,6331109441484033,LV71 YUOG FV8B MG3S CZFB U,2025/04/01
766,766,americanexpress,337941931374887,FR66 0066 7551 178V 32YZ NDWU K32,2026/01/10
767,767,visa-electron,4175008920298605,LI90 8328 44V1 3LEG GWZG Y,2026/03/22
768,768,jcb,3532569633449983,DK86 4047 7806 1229 20,2027/02/19
769,769,diners-club-enroute,201484947036540,PL16 1300 7452 6212 7988 5841 5324,2026/02/28
770,770,mastercard,5100141643043227,SE19 0194 6817 7641 1857 2062,2026/06/23
771,771,jcb,3544357039484796,GT93 XHLA 5IMK Q08K QNHZ QBUB N5YX,2027/02/15
772,772,jcb,3559597499550865,KW93 BLUD EAQC 78RC BKFJ INBQ MVHK DU,2023/04/08
773,773,instapayment,6378715845508542,FO58 2761 5521 9713 10,2023/09/17
774,774,visa-electron,4508422541724238,LB07 1674 HBAE FWUK GGAD GLAH CYGW,2025/08/24
775,775,solo,633421499565730606,AZ26 HHMK UBR9 4GJA PMOV SEC9 ME4N,2025/02/21
776,776,jcb,3536275822002478,BH97 IJNW EDJU YRQH 0WWL AO,2024/09/27
777,777,americanexpress,343397180476919,LV24 SZMP 4NV7 IVBM BWIC W,2024/09/04
778,778,americanexpress,374288997666671,AL81 6700 5439 1SHK J98I APAB FYL0,2027/08/17
779,779,jcb,3551669127948668,MT28 EKXA 2673 2OLH 4MGQ JPYM VHCI 0C1,2027/04/21
780,780,jcb,3550035139839678,AT55 6746 9119 6731 2954,2026/02/01
781,781,bankcard,5602255400482486,FR45 3685 9562 23KG 6SLO Q9HU L13,2025/12/15
782,782,bankcard,5602253407718135,FR60 7985 1598 73RG T7CA BRE7 D64,2024/08/20
783,783,jcb,3536299331945647,MC23 0896 9016 85E6 6YHM G1JM A25,2023/09/08
784,784,jcb,3533125443910455,CY79 1341 4196 VNER EQXD BLIA 619H,2025/09/23
785,785,bankcard,5602217742738967,LI16 1885 9Z79 WYVH XPMS 8,2024/06/12
786,786,jcb,3535291446740808,HU94 5441 9470 5190 1830 6241 5473,2023/03/31
787,787,jcb,3538859744360144,RS11 7746 7198 0873 5337 92,2027/11/05
788,788,jcb,3576477749901656,PT98 5298 7595 0474 4621 6532 4,2023/12/18
789,789,jcb,3555782052941925,MT20 JQRQ 3777 7GLX 5DDR VUGP VIHO LHF,2023/03/21
790,790,maestro,58931283951690506,ME07 1481 1931 0174 7897 02,2027/09/29
791,791,jcb,3574129306829315,NO22 8464 2689 785,2024/07/22
792,792,jcb,3578754015270232,DE57 1288 6023 3068 1458 71,2025/06/19
793,793,diners-club-carte-blanche,30389774572573,LT94 3767 1379 3765 5423,2024/10/28
794,794,jcb,3528781435671187,VG95 UDBP 5593 8764 5220 5973,2027/07/17
795,795,jcb,3562241510946407,DK53 1538 1478 4358 38,2026/10/15
796,796,maestro,63047438223994927,FR39 7277 5448 23UJ SBUB KWX0 L94,2027/11/02
797,797,jcb,3529099499295267,ES21 4072 2948 3409 6732 4142,2027/12/02
798,798,instapayment,6396832121407071,PL58 1239 8490 9451 9412 3416 1342,2024/11/03
799,799,jcb,3554903251974878,GE44 HN75 5546 9716 9396 57,2023/03/02
800,800,jcb,3557676064746900,AD50 5019 8753 DOLG QCLI 1SLQ,2026/03/10
801,801,jcb,3586222741230284,CZ29 1475 2959 4066 2107 1302,2027/03/06
802,802,jcb,3557167415939584,MC39 3905 8964 75KH UDOV WM7P A62,2027/10/21
803,803,jcb,3536569714946390,FR31 8948 1271 88SX Z9JQ P9GI B01,2023/12/29
804,804,jcb,3545315242143335,FR46 0845 8755 99ZL NZXK UL01 F55,2027/04/10
805,805,instapayment,6370905145790316,MK11 054A QAPH TA8Y V21,2023/01/07
806,806,diners-club-enroute,201839241223765,BG04 UJBL 8438 13AG WKGP BW,2024/03/04
807,807,jcb,3529703085173644,RS74 0471 5328 8565 0910 72,2026/03/03
808,808,jcb,3588048792980123,CR04 7434 5453 2296 0854 7,2024/09/04
809,809,jcb,3562138388539324,MU45 LOOG 1341 4672 4839 7604 564V TE,2027/05/28
810,810,visa-electron,4844389563223279,RO26 LMIW NQ3E Q2BY 4CPZ DNZU,2025/06/10
811,811,instapayment,6375318404827362,AL64 8101 3753 QUIO VLFI WNVN U7I3,2024/07/27
812,812,mastercard,5007667585399577,KZ89 5270 6YJT NLKT TOZB,2025/12/03
813,813,jcb,3547015240656647,DO83 IX4S 4942 2341 7887 4856 7592,2027/05/10
814,814,diners-club-us-ca,5486705177218423,TR90 3697 7KXU PJR9 R48Y DXVI KC,2023/11/27
815,815,diners-club-us-ca,5565963764983057,IS23 4131 2341 7446 8274 5675 87,2027/10/09
816,816,china-unionpay,56107221674247966,FR11 1284 3596 92OC W2VL Z2LP X42,2026/10/28
817,817,jcb,3575611009649222,KW36 TOPW CJWF EF1N YJFE BBJ8 3HXG 10,2027/02/20
818,818,jcb,3568507727898860,BA97 0176 4245 8900 5137,2027/08/12
819,819,china-unionpay,5602220744666590869,GL77 3023 5417 3500 32,2025/05/28
820,820,bankcard,5602226626459426,SA36 13A7 QYG8 WUDM PQNO BNBB,2027/05/11
821,821,mastercard,5100177540678616,SI06 3861 7317 2120 940,2027/09/24
822,822,china-unionpay,56022489350380177,PS55 KJRG R9VN VCL9 2PFP 3GD0 5PSF 7,2026/01/05
823,823,jcb,3531405091607336,TN94 8259 0958 1634 6346 1500,2025/08/25
824,824,jcb,3562171192952524,CR32 4697 8443 1925 0760 0,2027/09/09
825,825,jcb,3559773680493880,SI84 3166 3248 9692 608,2023/07/13
826,826,laser,6709937891961074,LI26 3078 6ICT XUQM JKAP O,2026/09/16
827,827,diners-club-enroute,201957325780383,FR26 5714 6145 11AQ 26UW FXS1 J55,2026/12/06
828,828,instapayment,6387699547039833,KZ14 514Q G0DA JTUY 1O9C,2025/10/31
829,829,diners-club-enroute,201594934397224,GT44 F77P KLWO MCEN AXID NQ8I ICNY,2024/04/26
830,830,switch,564182696216482265,LT47 5958 7978 1361 8807,2025/01/26
831,831,laser,677110691507416277,LV04 ZPUW EIG5 LYAL I7JF J,2026/02/26
832,832,jcb,3555484810931849,GL59 1488 7229 1809 98,2025/11/04
833,833,mastercard,5342750536918382,TR25 1357 9GD7 2VR1 VUBB VHWR EY,2026/06/14
834,834,bankcard,5602251063951495,FR95 2098 8218 05UJ PGS4 QRDC W38,2023/06/23
835,835,diners-club-enroute,201850167101919,MT27 SOKP 0504 0GQ6 W4OS DCDZ QONX OFO,2027/03/14
836,836,china-unionpay,5602234679027179297,FO34 1367 6982 1160 58,2025/08/26
837,837,visa-electron,4844413929847819,AZ45 JYDF ENAS LJ77 FXN3 A8UC PHNG,2023/10/14
838,838,instapayment,6382374579040001,GI93 ANUC VUDS IKRA O9NF 37D,2025/05/21
839,839,jcb,3585364603099117,TR64 7227 4UT0 BJ3X EEWS 9HBC DL,2025/05/29
840,840,china-unionpay,5602248618044297,HU34 8199 0672 1330 3016 1453 5915,2026/12/09
841,841,jcb,3556728445035965,LV76 KVJG RQFG P2H8 RAIC S,2027/10/06
842,842,jcb,3574202918183072,DO30 FESJ 8851 7072 1457 7614 8108,2027/09/12
843,843,jcb,3577420473469044,LT51 6757 1220 6730 6627,2023/09/09
844,844,jcb,3570071635151595,FI25 6178 6832 1504 41,2027/03/29
845,845,diners-club-carte-blanche,30322908778667,KZ29 586Q AG7H YSCV FPSU,2027/07/26
846,846,jcb,3549447388532744,HU58 4711 1569 8594 2438 0493 6555,2026/06/26
847,847,diners-club-carte-blanche,30102234753109,MK25 186A MPQJ AEAI C46,2027/01/10
848,848,visa-electron,4405160727956489,EE86 2135 3461 5718 0571,2027/12/09
849,849,jcb,3579290715824159,BR41 1246 2769 6068 7735 9536 727M 7,2025/12/25
850,850,jcb,3528469047410141,AT28 7641 8795 2446 2741,2025/05/12
851,851,jcb,3573036040596145,BR11 1716 8796 8019 7442 2542 268X H,2026/12/28
852,852,jcb,3568895630843374,EE98 1250 1069 9699 8722,2026/05/02
853,853,jcb,3560295172183685,PS10 BZYC ZOWT CCNB S9PV PSWS PHUU A,2027/07/21
854,854,diners-club-us-ca,5560162527086945,CZ43 6768 4233 7589 1280 4638,2023/01/28
855,855,visa-electron,4917156106886256,SE11 1950 8864 4743 3379 6301,2026/12/19
856,856,visa,4041599884743224,MR53 0907 1744 1874 6615 9878 001,2027/07/05
857,857,jcb,3564559125490349,MD57 MQI7 4UH0 OYWC MGEG 6ZQO,2026/05/23
858,858,jcb,3586174307538651,AT81 2980 4158 4484 5921,2023/08/08
859,859,solo,676792033317907939,AD92 9735 9494 ZGYG C84Y HMGU,2026/01/31
860,860,maestro,67610035062049496,PT14 8607 1413 7290 9782 9331 7,2027/11/13
861,861,laser,630417435602882440,IE85 QXRN 4523 6647 3268 78,2025/10/08
862,862,jcb,3542124468663494,BE94 0877 7021 5607,2024/09/18
863,863,jcb,3556214292941118,SE46 4222 3803 2033 1411 3939,2027/11/03
864,864,mastercard,5333024956386897,ES69 0259 7384 7213 9335 0710,2026/08/23
865,865,jcb,3536087884534516,MT39 ARSF 4693 5IZL TB7L 2XSP 6N2T GS6,2025/05/22
866,866,switch,4911596997424004,PS91 QVWT S9PC AOHV UFCW KX5E RNXJ M,2023/12/26
867,867,jcb,3571250207588173,FR86 6248 8548 20JZ QXBN K0YZ L42,2025/05/30
868,868,maestro,6761359689311575,FR12 7951 7872 07WZ D3K5 TQQD K35,2023/06/24
869,869,jcb,3548359337913555,FR19 1035 8133 61VG C8EJ AJMH F68,2023/09/21
870,870,jcb,3586249889114822,FO61 0272 2273 7740 95,2025/09/26
871,871,instapayment,6388642061799878,FR12 7289 0882 55NR PALW I2UE P73,2023/12/10
872,872,visa-electron,4175005310419759,KZ10 923L ZV7B S4S6 AXR6,2023/11/18
873,873,jcb,3589689449880999,SE92 7562 6971 2090 4132 7292,2024/11/26
874,874,jcb,3537546396748111,DE42 4679 9393 9981 6611 70,2026/07/07
875,875,jcb,3530007217065109,SK55 0488 3092 5352 5214 9349,2027/03/21
876,876,visa,4041595264862,MT28 QJHA 1098 709V DMBT FHSF UJXG I7N,2024/09/17
877,877,visa-electron,4175001506441178,NO93 3502 1898 418,2025/07/05
878,878,jcb,3543221385054168,FR08 4410 9497 70HF 8MLV TX0Z H83,2023/10/26
879,879,visa-electron,4405411559445368,CY15 3583 1274 EPVJ ON14 4YDI 5TTQ,2027/01/09
880,880,china-unionpay,560225736579081911,ME75 8418 7148 5704 7274 66,2023/10/07
881,881,mastercard,5108752550354605,FI19 2762 5820 5388 69,2027/09/15
882,882,jcb,3577535156114847,RO19 PFCZ EH2B RYEU OOD5 ULOO,2023/03/12
883,883,jcb,3550822065039484,ME09 9515 9986 8874 5064 86,2028/01/06
884,884,diners-club-carte-blanche,30126241831046,BH15 KSGF 4DG2 GM9Z RWGL DU,2026/05/09
885,885,maestro,060473797870424101,FR68 0292 1623 04UE RNIG P0YS M03,2027/08/11
886,886,jcb,3548645112967570,GL75 9719 9032 7715 57,2024/12/25
887,887,maestro,5018351563896972,NL34 VWUT 9426 3014 40,2024/06/30
888,888,jcb,3578159043661370,RS32 4128 7125 9503 7122 39,2025/08/13
889,889,americanexpress,374288935388651,GT57 X416 1CU7 QOOI C91N U82Z WNMM,2023/01/21
890,890,switch,4911557549223551604,GE08 FN88 5608 2946 7917 83,2023/06/20
891,891,jcb,3576344252409172,RO26 OQNP PTLA BKZV 7IT9 A797,2026/12/07
892,892,visa,4041597496421,SM50 N761 3747 602Z X6NO YO9V DBN,2024/03/06
893,893,jcb,3558291597093447,FR53 0308 4229 198X DB1X YOHN Q58,2023/05/09
894,894,laser,6304208532161980,KZ04 1163 SUGY R62V 0OUH,2024/07/11
895,895,jcb,3584019677589226,IS69 7850 9611 1423 2391 6559 54,2024/10/06
896,896,maestro,58935075777993056,MT10 XGQG 1949 3IDA HPVV E22K CA3O QAC,2027/06/13
897,897,mastercard,5531570766447980,FR45 8365 2188 32VF 7GXR DGFP A95,2026/03/19
898,898,jcb,3568370015480036,RS53 0759 2185 2742 9089 83,2023/01/02
899,899,china-unionpay,5602211427231042,FR15 5933 3293 89OM QGEY QJKY O60,2027/08/29
900,900,mastercard,5100139625571587,FR66 4635 1612 65TX IHRE BT8A K52,2028/01/03
901,901,bankcard,5602247033873306,FR69 1688 6206 61V5 2BDJ CWQY 478,2027/07/01
902,902,laser,63041882594306482,IE72 GEPX 8653 5329 5995 22,2023/01/11
903,903,mastercard,5100131211846549,MD92 8XUH I7E1 8W6M F4DX MJ6T,2027/09/22
904,904,diners-club-international,36181214038123,TN32 7999 7835 5710 2477 9178,2024/12/05
905,905,jcb,3554250059499934,ME82 7999 5863 8741 2236 88,2023/01/10
906,906,mastercard,5010128408772289,LU76 552S XRUS IIAJ ZU5Q,2027/09/25
907,907,diners-club-enroute,201564692832043,FR88 3677 8056 69HW 7CCW RYXJ A57,2026/12/07
908,908,maestro,50203986807241237,DO70 X9KV 3918 3740 8304 8301 7948,2023/02/16
909,909,americanexpress,375488713510596,ES53 7176 2126 5550 2808 4143,2023/10/21
910,910,china-unionpay,5610254361691904,AL66 7413 1331 XZX7 HMYE SRDZ S21Z,2025/11/23
911,911,bankcard,5602212427131331,LB97 8330 JMG2 IKEY O2YS FRJO AZKC,2027/08/18
912,912,bankcard,5602244891529716,FR02 8442 9849 466D KGVU BYFK D64,2023/12/19
913,913,diners-club-carte-blanche,30446094388526,AZ25 ZRAA 1LF9 BHLY B8XA FSFW NMLM,2025/04/21
914,914,diners-club-enroute,201860375409541,LT52 6606 2062 5662 2711,2025/04/18
915,915,jcb,3546749885495611,ME51 6844 3446 3950 8869 13,2026/01/13
916,916,jcb,3528815780446041,MR54 3587 9571 3400 9672 3289 490,2024/04/03
917,917,diners-club-enroute,201858950065027,FR32 3740 1716 926S 8MD6 XIQQ W53,2025/10/07
918,918,jcb,3547665592065787,FR14 9767 4803 99CL 68X3 ZE0Q U36,2025/03/31
919,919,jcb,3570087001156117,TN22 1796 9354 8077 2433 4540,2027/09/06
920,920,jcb,3535958726749911,IE11 EOHV 2514 6843 7736 93,2023/06/08
921,921,americanexpress,378693565830870,LV86 DJSS DABW NZ60 BSDX E,2023/02/22
922,922,jcb,3535207798381587,GT16 6UHE GWJV HGSD TPB0 6Z8B JN7J,2025/12/18
923,923,visa-electron,4508653936412324,SE76 7049 0142 6644 9711 1424,2023/03/18
924,924,mastercard,5100149485300365,IS45 6945 4268 5412 5715 4857 08,2023/09/20
925,925,jcb,3532894327814601,ME76 9343 2883 9662 1823 43,2023/02/06
926,926,jcb,3571371380085926,MC72 5998 8218 90PN LYHC C4PS D66,2023/09/26
927,927,switch,4905706245364129340,FR18 9352 7928 02ZX TS5R BLTW D40,2023/09/03
928,928,jcb,3548979420482679,GT17 SKJK GGHC JVBC BTTQ HNZ9 A0MD,2024/09/17
929,929,china-unionpay,5602236501495799398,SM24 Z601 9947 035L NMQJ 1PBA C0X,2024/04/02
930,930,jcb,3551181366932304,FR44 2497 6689 71MP B7UT GWTA X65,2024/04/04
931,931,jcb,3541425736217117,MU96 ZYEA 8210 2311 8012 3211 012P UI,2023/10/02
932,932,diners-club-us-ca,5487934196967880,NO86 1894 3378 752,2025/12/28
933,933,china-unionpay,5602251700754492,AT79 9583 5537 0483 3831,2025/01/27
934,934,jcb,3581686839001267,SK18 5388 1068 8398 3886 2351,2026/02/06
935,935,mastercard,5100179522645050,SM25 S350 9778 6888 TZVX 4UBA DQG,2026/05/04
936,936,mastercard,5100172808009240,CR91 3075 3436 2895 5832 2,2027/10/22
937,937,visa-electron,4844070336336446,FO55 6656 7658 3058 07,2025/10/08
938,938,diners-club-carte-blanche,30270283354705,KZ30 802T IEHY BP9W WDXL,2024/07/24
939,939,bankcard,5602243543235789,PT06 7906 3403 9940 2014 1600 1,2024/09/30
940,940,diners-club-enroute,201700314121825,IL93 4590 5149 9959 0054 752,2026/05/01
941,941,jcb,3582622803625715,TN71 0603 7376 4603 0716 1466,2026/10/30
942,942,mastercard,5010123882081836,ES35 3750 6307 3307 6074 2493,2027/08/08
943,943,jcb,3566004094204270,IE93 KPLA 2384 0604 2225 94,2026/02/08
944,944,switch,491106635885377652,VG34 EFOC 0359 9923 4203 9348,2026/12/12
945,945,jcb,3531089841851996,DK91 1381 9027 7125 78,2027/09/05
946,946,instapayment,6395987609808272,IL46 0613 8159 3134 3094 925,2026/10/22
947,947,bankcard,5602219499979430,MU63 APXQ 6426 9697 1384 2450 980G GO,2026/09/08
948,948,maestro,5018919009194309,HU69 6998 1828 7025 2370 5981 3220,2025/10/31
949,949,jcb,3544098585550909,BG18 UBOB 3803 95CH PUMQ VW,2026/12/11
950,950,diners-club-enroute,201663562006546,SI42 3466 8925 9728 534,2026/01/25
951,951,maestro,50208670157475943,DK80 9083 1015 6011 72,2027/04/07
952,952,visa-electron,4175000722674075,MD92 1N4I KHYL QKQC NB1G 1R04,2026/01/15
953,953,switch,633342486688042387,FR57 4757 4691 806R HH8Y PWI5 U11,2024/02/24
954,954,jcb,3564069641581985,GT65 SMG5 CSBI VCRJ H2EU ECFK QGPO,2025/12/29
955,955,switch,4903249162637921313,BH51 VNLI 6CXF CSHR 2DSL DW,2026/11/14
956,956,maestro,5893869409574389587,LU64 8569 MEXG 2JEW AUOC,2027/04/21
957,957,jcb,3530424231061206,SA95 04QX ILCV NYTZ Q8W0 QNU7,2027/07/12
958,958,americanexpress,374622358084514,BG66 OVRV 2168 107O FYE6 EX,2027/09/26
959,959,visa,4041379785066,FR71 3978 0952 592O 40A0 L7SX Q26,2027/04/01
960,960,visa,4041592396964,LU13 650M 1UXH CBHY ITGE,2027/02/16
961,961,china-unionpay,56022271965412524,MT72 QQGJ 6166 0ZFC HIOS Y2LQ IILF IJO,2023/01/24
962,962,mastercard,5100144556103673,SI62 7917 4993 6203 709,2024/09/14
963,963,china-unionpay,5602221542800463798,TR36 6625 4JED VFJR SEFE A8AO XB,2027/06/08
964,964,mastercard,5100141924228141,FO85 9945 1794 8319 57,2027/04/12
965,965,jcb,3545436839698869,FO49 1037 5107 6122 93,2023/02/13
966,966,instapayment,6385459414617662,MU63 XJZA 4329 0102 9789 2481 128D XP,2025/02/08
967,967,visa-electron,4175000737961251,LI58 9249 0HD7 4JBJ AT3R E,2023/01/22
968,968,jcb,3532154114659838,GL15 8737 2628 7431 12,2025/03/14
969,969,visa-electron,4508671354417377,MC62 3882 1378 33T3 FDF5 MRQ5 O25,2024/11/14
970,970,americanexpress,376176037051434,VG21 RRGZ 8404 1036 2023 0728,2025/07/20
971,971,jcb,3588413223379800,MK11 616J NKQG FCZN F90,2027/05/29
972,972,maestro,06047355683644793,TN16 8043 7213 7158 6147 6054,2025/08/06
973,973,jcb,3528861292337625,HU69 9620 1798 2163 5806 0623 9040,2024/03/31
974,974,maestro,6304571403470723375,EE98 5691 8873 5998 8865,2027/10/21
975,975,jcb,3549460048118572,DO41 P8RC 9779 1812 5613 1458 1561,2026/01/10
976,976,mastercard,5557221630688438,SE47 0807 9714 3509 9961 9260,2027/04/15
977,977,jcb,3583482982519752,FR47 2063 7763 15OE BOIM O4BO Z67,2025/04/10
978,978,jcb,3561082428160405,VG62 SHZU 4678 7021 1785 0082,2024/10/03
979,979,switch,4911594048626990,MC93 3824 0251 82PQ FQ8W YLFN T90,2026/12/07
980,980,maestro,676215182581909219,NO41 2258 2525 943,2023/06/30
981,981,jcb,3531698693671037,NL14 XSFC 9851 3153 73,2027/02/01
982,982,jcb,3583952339958911,FR66 1900 2804 25CB DAXI 9LNQ J03,2024/03/02
983,983,jcb,3588679613895718,FI41 1464 2517 5828 10,2023/06/26
984,984,americanexpress,372301411775671,KZ17 855A RWB7 UEGN 7UJL,2027/01/31
985,985,jcb,3572297980056612,GT35 LZOV QO1O ZZY2 BQFR BE4N PN7D,2023/10/08
986,986,diners-club-carte-blanche,30015222314207,TR09 1881 7ARY CGJ6 E3AS 5ZQT H5,2025/04/18
987,987,jcb,3580817756983549,FR64 1760 1392 978A VKXI NVEJ E38,2026/06/15
988,988,maestro,676253824416701575,FI48 2538 6892 7456 13,2025/05/04
989,989,maestro,6763610866733019098,EE56 6330 9754 9262 0221,2023/02/27
990,990,switch,6759742913673593,FO77 0883 2456 9662 95,2025/05/02
991,991,jcb,3541813324746458,FR96 2623 2858 04NS 5BZ9 BGX0 A38,2024/07/16
992,992,jcb,3549440002678225,FR59 2682 2820 34NB TE1C Q3GV Y21,2025/12/08
993,993,diners-club-carte-blanche,30129736558751,GI78 NRAM HJ4R 17XN 5CX0 O4U,2025/05/18
994,994,jcb,3553936295157077,FR05 7846 0689 01EP TRLJ UES6 305,2024/02/13
995,995,jcb,3562119954398758,RO18 DFGH ZIDJ EANM PHHZ GIAE,2024/12/19
996,996,switch,5641820961336615858,DE67 4519 4806 1234 5227 18,2025/09/29
997,997,visa,4017953116589,MU20 FZKN 0032 9652 4107 2272 471I NS,2024/03/30
998,998,jcb,3576237555883830,IL49 7363 3962 8134 6919 035,2024/06/20
999,999,laser,6706327729457243,SE53 6418 4354 6930 1864 8767,2023/12/01
1000,1000,visa-electron,4917061615734320,LB72 9713 DKDB Y68X QEVB TSBT ODH4,2023/08/02
