social_id,personal_id,citizen_card,social_nr,fiscal_id
1,1,14P3Z14hB,268-90-0498,558919645
2,2,S39sQ46e2,289-15-5850,202934327
3,3,R1V465PtS,836-94-0121,523281840
4,4,20VwP2DuN,482-68-5376,953038728
5,5,V449S9W3F,482-75-5036,818730700
6,6,X960P4WtU,519-70-8619,516093276
7,7,D8Y6C4I0E,864-06-2722,437749912
8,8,Q20xE7Ci1,740-14-5839,492885304
9,9,V2Zj579gI,161-01-6086,402389132
10,10,97Jv32Bi5,505-85-7809,159701335
11,11,79K8R3KmX,693-72-1670,133143330
12,12,J81dW03vC,157-13-3059,572896816
13,13,X6FhM4NmP,223-62-8519,591071009
14,14,74AqM4OmV,140-42-3551,138600790
15,15,21KwX39pA,723-81-4112,092411165
16,16,43Q4924eH,220-36-0867,966042819
17,17,H4VwA00qF,230-72-2989,557244752
18,18,E0PpG0SkB,251-49-5054,609903072
19,19,M5EqL227D,218-97-6747,396778549
20,20,A8G448KbE,842-35-7800,891561080
21,21,M19a86JyY,803-40-2673,537611367
22,22,I2SbA44bL,507-76-3624,793347253
23,23,K2OyM4FsS,725-30-9279,743592997
24,24,A9MkG90a6,753-41-6481,100118587
25,25,553mZ12qC,635-94-5820,236971626
26,26,80QcN2T9H,428-58-7938,453838314
27,27,449hW4L29,366-28-7902,408334625
28,28,6661A09lQ,493-60-3910,218835042
29,29,U7F669LwR,603-34-7375,011581424
30,30,H9WvA0L1K,211-75-5053,524498866
31,31,H1Tz68LpN,486-20-3552,223032808
32,32,T4Nl26Sv8,385-36-5689,581400270
33,33,38AiJ3H9D,668-73-5289,388119582
34,34,Y1Li30WuN,514-74-9492,844875641
35,35,484jV0MnT,530-88-9119,583305793
36,36,D8LcE90fT,343-31-3898,848417504
37,37,32BfC5727,338-13-0778,834136779
38,38,V594B7SqI,567-48-5363,783137587
39,39,51NgO03kX,225-91-5813,027305938
40,40,11O1J0UgN,764-01-5757,368398899
41,41,60LsA7XnR,796-50-5272,381659232
42,42,D8HbY7E6N,399-81-8905,389369652
43,43,H9E6E87xD,823-27-7588,500306762
44,44,T9BmM8Wa2,827-20-5721,725073808
45,45,172zU5Lr6,419-17-9241,293157878
46,46,E18pF96dY,107-81-1227,154819012
47,47,L1K0008zH,534-81-7485,222077697
48,48,J24bY6L6S,111-28-0587,977453224
49,49,Q64m427z9,338-45-3207,316712973
50,50,W6N8J219O,658-66-9363,592127079
51,51,U7EbG723L,225-40-0772,345567321
52,52,R4Iz30A8B,508-46-7594,325631145
53,53,T20fL9Wl2,715-89-2737,213913518
54,54,H24hH8B2O,665-37-8141,131337442
55,55,T6PlP10jD,556-59-8881,239767984
56,56,M96970Pa5,228-63-2882,783408553
57,57,X0YdX8GyJ,840-90-1101,005768383
58,58,V07z5908X,480-94-4750,189084869
59,59,37W3T4XwR,338-44-2857,112514920
60,60,V3CwE0Kd0,339-93-1269,288266465
61,61,J9Y3Z7R2I,314-32-7076,443731525
62,62,K7DvP4GfS,625-66-7291,694654475
63,63,19BvM4LmK,138-38-8161,412236261
64,64,S9Pz83C1V,678-76-5365,677724218
65,65,E09tQ1T7F,226-15-2693,301541846
66,66,550v87963,672-10-1353,591322319
67,67,F8V2T0X59,823-72-3254,949634499
68,68,T6J6R8I7Z,786-50-4790,449270911
69,69,I08276U5D,229-68-4337,105522732
70,70,Q0NyL5JoJ,358-77-7845,379033902
71,71,I7LcA3H7J,552-92-5727,038847420
72,72,I7ZnR4WoM,159-32-4287,563729814
73,73,T83yE5EgR,225-26-7176,898420455
74,74,L7X6H6Y4Q,863-05-2030,073730662
75,75,P43i14E6N,778-27-1798,796690358
76,76,W9BoC6U27,767-74-7114,604549199
77,77,86WpH4Z67,761-29-1533,591674020
78,78,Q688T8KwB,282-44-5057,153104899
79,79,W7J534MkS,629-01-8763,817649949
80,80,J22xZ6MmI,240-33-8750,448203446
81,81,T3DgS927C,618-74-1860,965480077
82,82,K6F7R7TdB,125-38-6898,318675914
83,83,Z3QoE5PxS,266-52-6337,913026248
84,84,86BdA8FmO,355-56-7350,357489018
85,85,X695D0QdT,570-82-7452,541608226
86,86,G3YcS7Jg3,778-08-2198,057474915
87,87,U60sJ7QhR,804-65-3243,640387536
88,88,E7L2F909B,238-88-6635,926060468
89,89,R21mA0XeL,670-31-3920,289913173
90,90,X3OhB4YrV,206-89-5861,001317344
91,91,G6ZyA0VaB,287-26-2779,588136128
92,92,K51i500i0,339-45-9388,810428625
93,93,D60fD1Yk9,371-96-4582,176090512
94,94,T3R4555jO,547-49-5925,562561164
95,95,U5FiW5YbP,538-50-7104,358271422
96,96,X61fY5W53,766-20-4889,798802149
97,97,29Mm28QoX,433-74-1063,486907975
98,98,E2Ly29HnI,415-89-7642,237828498
99,99,E1VvE3TqK,501-52-6941,315771252
100,100,C6Om7820N,654-66-4050,782666679
101,101,A1Z6N2WuT,828-21-1160,405498883
102,102,P2CtX4M9E,723-46-1103,644760485
103,103,H6DwB24g7,860-35-8717,558469578
104,104,B0DcC06c3,507-46-8223,365430173
105,105,C3YiB8YqZ,870-98-5869,159784214
106,106,P5XzD0Dq1,184-40-5303,455980409
107,107,11OoH8Wk0,588-85-1053,226249285
108,108,25QoN9E8R,276-37-8804,121147443
109,109,I6ViI0Fy2,449-25-0948,704644309
110,110,A8RpU0VlI,332-52-9567,447463012
111,111,703t37F6K,779-54-7757,552759562
112,112,S9Ya129sY,547-80-8126,793078130
113,113,48C1E63iX,711-13-0729,149786633
114,114,24FqF0RlU,636-49-5223,611259024
115,115,Z4Tz65LzJ,116-27-2713,275118287
116,116,B50244CmS,299-91-2665,588605618
117,117,25ReR3FbZ,354-20-4358,167354308
118,118,715oB1OjY,364-78-2362,458287965
119,119,Z0HsV4NvA,879-92-6207,205985160
120,120,N6Dv144sN,511-88-0082,520468058
121,121,N7GsS0H7S,183-39-4990,328056256
122,122,O76w76GkC,237-79-5373,489779936
123,123,T427S7G0A,128-74-8537,551588545
124,124,K933K7MmO,602-78-4039,548323280
125,125,X2QiH19j1,754-17-3736,449991178
126,126,84Pb519dS,519-96-2965,429345803
127,127,W05aI2X4F,219-39-0356,971011138
128,128,G794682bN,467-22-5456,941347409
129,129,G5WjL6PrF,555-19-0337,009149600
130,130,J17yD4V1M,300-59-2918,481068393
131,131,V6EoX3Gp2,545-56-1692,170566228
132,132,Q4WrO113K,204-49-0721,497618074
133,133,H6AaJ6LcG,279-72-2841,841197884
134,134,56PlM7Ej4,764-38-7838,594507250
135,135,70I6036vG,722-73-0162,452656524
136,136,N8T3S3NjK,544-26-9625,566641955
137,137,Z56j963tN,662-46-5729,928545817
138,138,Q1SmV7Ah7,612-54-0042,773573090
139,139,O6NeZ5Y5W,388-75-5174,335176696
140,140,H176N7Bg9,582-66-8020,440633601
141,141,X8D6L39rP,810-86-4760,469421185
142,142,81H0F7DdI,531-19-7489,052875101
143,143,C85vO3849,347-89-2376,364245033
144,144,87L4O2YiP,735-42-8874,439044257
145,145,W3Z3P2L1R,731-79-5851,753829928
146,146,F1QuP4HfM,172-41-9204,418839293
147,147,Y3GfP832C,531-75-2237,425448077
148,148,53UtM2NtL,543-27-4964,778313362
149,149,S35s95A5F,479-24-0274,171107690
150,150,O4O3M40dS,241-55-2451,423153950
151,151,D5Ay86LxF,414-60-2872,263014472
152,152,D9JcR9Mv4,521-43-6853,134703586
153,153,B0L1X3ZlF,308-25-6072,792261456
154,154,E1WeK9R5Y,112-41-3434,508088325
155,155,19Hd11HhX,673-05-1634,021797831
156,156,M3Ng560tN,582-46-2936,749636349
157,157,23Jz87HoR,593-68-0787,765716452
158,158,S18fG00fN,264-11-1510,752279020
159,159,O4JxG0LoF,869-55-5504,495231879
160,160,548f95Z9U,711-46-8031,125381950
161,161,016rB2ChS,263-32-8195,292488098
162,162,371x29J4C,781-10-6174,259060930
163,163,R3DjC3S7A,887-33-9399,996961754
164,164,V4LcW53fN,356-09-4188,600358459
165,165,D106D8W9T,295-03-9277,839101199
166,166,D8N926EaW,156-55-2452,491693096
167,167,L8F0171dS,594-14-0409,862138742
168,168,650tI0C0W,461-50-9868,047064871
169,169,Y14517Bt7,513-03-0106,394677343
170,170,D6PaU5NnJ,883-67-4542,829508670
171,171,A9LdB7A3D,339-24-9370,248646274
172,172,K05hR7G92,234-58-9909,160060422
173,173,Q8P980IlA,788-73-7121,829804356
174,174,20NmZ67kN,135-80-0115,575335695
175,175,J51lG4XbR,326-97-5143,735873827
176,176,D3MpS4YeW,740-10-1925,929751658
177,177,S6ZgZ9VyA,577-12-0533,446984928
178,178,S0WfS38uA,683-20-8132,388196263
179,179,R4Az09C9Q,194-76-8148,926099827
180,180,19HeM9N0E,895-03-3633,308761419
181,181,L70yG4MdF,115-44-4175,357430227
182,182,Z1PuI8Xl9,733-85-8618,329079255
183,183,31JcL1FlD,456-16-5805,771827826
184,184,20A0T7RgJ,513-32-7955,296772524
185,185,S6FtP84f3,399-02-3643,654261757
186,186,K1QoH4YmV,101-71-3245,443934565
187,187,E1XwN4O0R,778-94-3284,169077124
188,188,G6ZoY6ZbM,131-70-3338,136131348
189,189,F0T6V3AuF,739-64-0784,832048956
190,190,C6YhY5MoR,766-09-9525,759165569
191,191,T07364HcG,782-18-4347,413547363
192,192,69XtF1Lt4,720-65-7752,061435322
193,193,U87zF7TfH,329-01-7975,486450538
194,194,71Co98T34,187-81-9386,238224183
195,195,L6AmM20bY,275-96-0077,380422842
196,196,2746J8YeH,608-42-5856,162733433
197,197,16FdY2XoY,110-45-2710,014369117
198,198,F17qI52mC,417-98-6243,827314323
199,199,L3N8M0KoW,520-94-6477,113048622
200,200,184h647cH,319-11-0691,750044566
201,201,17Yy723d3,856-59-6923,396336957
202,202,X0Ja27Gu2,340-95-1235,459601157
203,203,28D1146cM,103-59-6014,074357054
204,204,A5JlD9MbC,691-44-6405,715564862
205,205,D75dJ7A7Q,671-29-0148,033639828
206,206,E1VqF16n9,386-20-8516,601883721
207,207,K05fO2WpI,892-77-9816,109017550
208,208,W4WcG037W,442-50-5859,628671362
209,209,49Dt37O48,213-96-8194,961088608
210,210,A8UxR6Se0,163-49-6109,207235496
211,211,K08zO3JsX,431-72-1190,784086701
212,212,I78pU6ZiA,800-34-9322,691265199
213,213,30Ru20DjN,721-34-3756,374666349
214,214,O4Ek8492M,824-89-1194,901198485
215,215,Y3S4R519I,174-32-1669,020041503
216,216,Y0QcS7G19,195-80-6162,664899427
217,217,J3D6R4VvS,308-98-8016,366750245
218,218,X7BzP6Gy0,172-34-5262,835106477
219,219,I63k65F5U,498-21-1302,162736475
220,220,395gP4Nw9,478-77-3889,581371030
221,221,I502N00dS,801-84-1639,170352580
222,222,T79mI73xR,609-77-7984,691296798
223,223,L38qW14wU,391-25-6563,957125474
224,224,B2Gi891vE,878-49-0099,179578789
225,225,55PnC9SkH,295-41-5860,381868013
226,226,W6L3L2Q7U,101-42-6090,074421409
227,227,848562RxR,777-67-9011,764416093
228,228,I1V100ThF,810-21-6326,238738720
229,229,C7JaX3VsW,588-95-5881,109318715
230,230,D793V3Y0T,157-68-8143,251674551
231,231,317qL04k3,338-27-9201,385535458
232,232,F22g15IvY,186-63-2176,030158592
233,233,I7Vt22W7I,138-10-3428,031507642
234,234,R1YeQ6XjO,134-77-5741,999874019
235,235,931kX055F,191-06-3748,638247712
236,236,I1SsF7918,376-69-5986,608668239
237,237,W14eW1TeV,217-60-5989,526596657
238,238,A8B7I40yR,170-20-2082,667207206
239,239,18XgZ0H01,234-78-7634,544479404
240,240,Z5KvC6TjD,800-91-0967,786248586
241,241,X73eN0Xs6,760-71-7114,765451389
242,242,G80z579tT,400-96-4158,080299431
243,243,H8JhY9NwN,209-49-6406,658064636
244,244,G6S3T8Ib7,524-28-1820,025970002
245,245,E2YlA0CxI,440-99-5983,871655590
246,246,80Yf18VlP,223-91-0338,004860942
247,247,D3OmA5JqO,408-42-6510,761210258
248,248,P4KtT88qI,852-12-9369,897896306
249,249,W5CyT6OgL,444-18-5564,963852904
250,250,T5S8Z61qQ,151-89-3978,440713916
251,251,7242Z0Z96,429-12-1516,045519266
252,252,L5JcS1MeI,541-82-1132,239823515
253,253,V10nI0Cv6,146-26-3400,834441273
254,254,V3YwV3KhN,899-78-5657,335588435
255,255,B8EvH19iT,602-16-6916,385103656
256,256,V3M9G5NsL,284-25-1680,637833814
257,257,D8T6M3RuD,275-38-6623,403848710
258,258,43U936SyA,632-50-7171,366450004
259,259,X8167625V,646-41-4234,413786443
260,260,M6Mz44LzN,611-25-2896,420234406
261,261,G7Af74Ut5,727-92-8176,026595165
262,262,02WaL3KaD,899-51-8531,636317854
263,263,W11mV4StC,189-18-9836,575532505
264,264,328fL3ZkL,826-94-5283,549898681
265,265,U8HgJ2EoA,487-23-5700,000601835
266,266,56AaM9By4,163-70-6234,628507493
267,267,T8G2H9PfK,660-12-1578,684244851
268,268,H4U1O65x7,561-50-9702,832544467
269,269,Z3Z1236wJ,353-06-9091,386780007
270,270,Y6V0U4SeH,294-01-5113,669719985
271,271,P4OcS5WxG,343-46-0122,067554829
272,272,T0VsU59wW,501-82-4458,028186641
273,273,812oU4ZpH,655-71-9325,594728337
274,274,K100O8Wi7,781-31-7099,836000307
275,275,D1Lm17ZtP,386-40-7924,119835108
276,276,47R210VvV,718-75-2701,906402087
277,277,A1AfQ5MdA,494-25-4152,229735497
278,278,R0AsP84zH,826-51-1904,820828909
279,279,Q3S777NmF,200-93-7855,747510887
280,280,K57iA9T35,208-70-8874,336158632
281,281,L5Or38Pm6,121-23-4094,320559600
282,282,C30372DlS,117-88-3466,409025406
283,283,K9Fg98AaR,683-78-2315,541362527
284,284,F7BrF3ScG,765-07-6723,943113440
285,285,78V1108fJ,581-57-2572,283574954
286,286,O2W926Hu6,629-43-0502,953804862
287,287,30PaP3FiU,172-32-6384,726914587
288,288,G2Pn016oL,462-46-5603,676569504
289,289,7297L6NqM,528-84-6394,647123397
290,290,Y7Fo82Eg8,220-34-3992,140823864
291,291,R4ZnM3Q2O,835-90-0347,682513643
292,292,H5V8V8C2I,635-14-5003,698969262
293,293,P5U161Y2X,215-46-2777,434207755
294,294,35RyJ9R0J,466-72-8834,639177509
295,295,B49vU2HeQ,569-84-9108,876171092
296,296,Q2QsF9AmH,850-68-6959,234450081
297,297,B38dH99fW,723-14-6058,974423107
298,298,Q3RqQ28kZ,647-99-5914,570608761
299,299,O6D870ToK,806-25-8778,547609935
300,300,G5SqE71k9,149-66-6939,789544733
301,301,255w03K94,639-59-8798,388344047
302,302,M4I4A0M4C,362-30-2273,395880429
303,303,M7C7E8K49,388-23-0260,989029059
304,304,606uW1Sx3,630-18-8946,627485758
305,305,K469M5QpG,263-03-1014,366654641
306,306,J8ViC5U89,143-80-5471,043214374
307,307,82YdC2KeI,238-93-4997,615389762
308,308,B4EgC49p2,605-44-2125,971708241
309,309,M2U4X8AxW,774-86-2069,427874879
310,310,W3YiL7I0S,535-30-1818,646974634
311,311,X1GwU2F6Q,114-13-6822,610880067
312,312,C4HqU0Ch8,575-93-4563,186993099
313,313,U7SvE2NhI,625-25-5299,298405736
314,314,07SiO3Xb7,788-43-1257,429109709
315,315,P3Qq13VfR,691-15-8078,313323708
316,316,20WgY2Yb2,637-19-5626,887488438
317,317,X55l28XeC,370-09-3945,022562742
318,318,K3Yv91Wm6,528-24-2129,941166431
319,319,40W2T5FmK,861-43-7418,494649097
320,320,V1QgN4NnP,499-64-5160,651654621
321,321,647xN7H4G,130-85-5826,740191889
322,322,2603Z8ExN,698-47-2604,083936881
323,323,Q3U9B5PtL,311-06-3114,889899649
324,324,Q21i003cW,850-36-4827,932871554
325,325,299zZ1MxW,704-21-7475,783728355
326,326,G5EbH8Jd1,204-44-6508,925518752
327,327,6627S13j9,483-57-6703,678022379
328,328,N4I4D1W5M,549-91-0569,962029199
329,329,R50jK238T,567-19-2755,765950314
330,330,H9OpU7Yp6,687-67-3414,670122427
331,331,Q4Ow74AiS,441-15-6244,153528916
332,332,9159V1Hb4,374-13-2396,529856354
333,333,K8GxT2513,432-06-2394,112857624
334,334,Z84tP0Mb1,813-68-4249,598266595
335,335,A53rA95qF,554-14-3955,113924985
336,336,A64g68IhR,792-06-1382,005709636
337,337,Q6Kf1946E,430-63-2689,457216896
338,338,Y91wN0NlG,187-45-8745,001301925
339,339,T1S0L7KcK,557-61-9302,197325486
340,340,K3WlT97uM,342-51-0138,343444961
341,341,T2CfG76sB,756-45-1741,248169073
342,342,D7Rw410o1,739-21-3995,464401986
343,343,J9GpS10l3,787-11-3153,467049956
344,344,115zI5Ts3,727-53-1790,796351093
345,345,P9VqG5J75,780-92-8981,179936461
346,346,J9DeL7SgJ,468-05-3816,581164480
347,347,Q63yB5TgN,693-95-4203,739040949
348,348,O6MsU1K1R,255-09-4088,611192516
349,349,55NeU9NqQ,575-66-6475,037665410
350,350,Q2Ao58MuS,118-94-4999,598974913
351,351,D79vI5410,458-71-2143,944339932
352,352,M5UqH67xD,739-68-7584,552844461
353,353,065jM70pE,420-21-5085,542713909
354,354,X7LhA2HhT,715-11-8020,069430462
355,355,V2CoX065Z,548-45-1361,144351734
356,356,J1Tb96Q97,208-53-2898,472706877
357,357,15XnS5GoE,261-68-8879,260605677
358,358,V0LyY43vV,288-11-2268,939927622
359,359,A03kQ7Xs4,351-73-1745,463831328
360,360,Y9G322IzE,114-23-5065,649586888
361,361,A6KiW5Q4K,169-19-0307,243533774
362,362,46ItG0Yg4,365-60-7987,163889990
363,363,02GnD9OvS,349-19-1496,940439177
364,364,A7NsB7VvT,726-84-9610,895751070
365,365,V20e269kO,243-79-7578,652174648
366,366,90Sk832mB,264-43-4853,915436716
367,367,J1GnA3F2U,340-81-8613,555339919
368,368,E9SmO0K93,587-65-2055,678211909
369,369,I51cJ4S0S,774-71-7830,996959721
370,370,Z1UxU5Q5A,116-67-3611,327610077
371,371,X0UlC8616,740-75-1144,246716216
372,372,K6OnJ90t0,315-26-0332,985382301
373,373,S48eZ36j4,126-21-7249,869215529
374,374,F6YsQ9Ct7,202-67-1122,856909400
375,375,I5Wl38JwX,551-62-8747,095107563
376,376,J2OuO9Dw6,660-17-1972,490991515
377,377,M78550W23,233-90-0521,822372176
378,378,8578D2Hl5,856-01-9458,925769093
379,379,M3ZpU8XkF,130-98-9383,306914423
380,380,U8UmL08x0,737-41-8403,878869093
381,381,28I8X2Jd1,466-04-0275,196328364
382,382,K3LqH4R7G,327-17-9671,237554612
383,383,X8F4F9YnL,649-22-9713,149232839
384,384,J36hJ5CpT,847-39-0634,487711057
385,385,K5R5J5OnK,821-95-3726,735725757
386,386,41B341LiS,119-96-5897,429781163
387,387,R5SoT7JbX,722-15-6211,138705423
388,388,K10oS43cZ,266-02-1516,782502264
389,389,P8KpU8Oe6,817-69-9430,468674999
390,390,M79gJ0RwD,281-89-7121,478816594
391,391,K93uF95m1,814-47-4959,809061145
392,392,I1E9W7WdM,150-58-8095,166379876
393,393,03Ov302uY,676-37-0946,638087983
394,394,P871G0Od7,320-40-2189,524651503
395,395,S1Ne375v3,351-73-0818,906271870
396,396,82YmH2SqH,312-04-0735,877434673
397,397,A23bD8N7B,487-06-0803,342773775
398,398,02Z9U6ZfR,453-90-1519,718140604
399,399,T786W32g4,721-64-8844,324863715
400,400,F651D9Of8,758-52-1016,210918402
401,401,Z4NrH7BkN,465-71-7757,225068278
402,402,Y91wU1Lh0,355-67-1195,992537663
403,403,67Zy34Rw5,108-09-6902,827185073
404,404,79Db06Pw2,154-83-8029,949312075
405,405,L69h59UlU,254-29-7720,312629165
406,406,35Vu64Aa2,230-40-2260,589650428
407,407,V63oD5Xf9,372-90-0155,550357482
408,408,E4Fx23A39,141-96-5491,090103855
409,409,P6WaS4HgY,687-43-9994,165673759
410,410,58QcP8B2V,269-40-1792,545703890
411,411,X51c33GcH,184-46-3361,143582783
412,412,J86qQ9LrU,574-43-7624,458092271
413,413,R3Ca23Be2,485-58-5155,944809731
414,414,D9Cn08KgM,248-22-2277,948694371
415,415,A50oM3CrQ,584-64-0800,405481210
416,416,I5S8I814X,305-81-5231,601587665
417,417,P4Yc59Br7,389-87-0697,434865329
418,418,23Zl08RhR,474-26-1508,173215361
419,419,92Iv15Ap3,847-47-8673,579402611
420,420,03IfN9Z7Q,615-75-0829,182732027
421,421,73C0D8W93,700-57-7960,784000118
422,422,09O1Y56s8,243-59-9816,291686113
423,423,E5W9E79dI,213-88-8772,343295154
424,424,V3XhS355F,686-25-2504,614533517
425,425,F566C2Xc0,424-83-6066,191149801
426,426,L26m82C19,781-20-7018,899998156
427,427,10V156FjZ,211-69-8729,649720787
428,428,87BaN98xY,877-23-3727,439777745
429,429,H9InB7KyC,661-24-6025,935726546
430,430,40WrI804V,311-29-0116,994946846
431,431,P4Hq63RqR,409-61-1528,133031425
432,432,58H5I4AsQ,823-66-2890,724202451
433,433,L0F8V71hP,356-97-8421,630004383
434,434,Z2C8F20jX,626-52-1126,835051404
435,435,V12d12RcZ,342-01-3624,171520307
436,436,25PjQ3EbD,402-07-5076,307798653
437,437,E9JwJ3DwR,101-91-5126,305301373
438,438,F40rD28eP,466-95-4154,823599943
439,439,J4EwY96gS,545-07-1496,840095393
440,440,K8Om54IoF,193-69-0510,096784690
441,441,39KuA1OsP,587-94-6373,027645271
442,442,R7J27273N,542-94-5254,822079757
443,443,W7T3W8EzK,735-87-5431,191667486
444,444,63YoJ3Rj2,648-86-4303,030655027
445,445,43IlM6Z2C,456-45-8995,152018055
446,446,Y9Ep9077J,348-76-1534,070037359
447,447,O0PkQ50yM,593-07-9128,885397417
448,448,G8PmC9LzY,150-31-5086,683743732
449,449,96BfO4OiQ,304-43-2871,962568012
450,450,B2PaW1K9Q,273-86-4973,465035852
451,451,3604S7DnX,677-99-5642,114259997
452,452,33OeF9ZyA,249-97-1009,553228708
453,453,P4XrQ6CoA,719-31-9821,773275649
454,454,I8W0U2AnG,258-67-9441,430504906
455,455,V29iB4IlL,359-42-0070,255990870
456,456,R38082X06,145-64-3691,884464175
457,457,E9BrG4O4R,315-55-9705,597849986
458,458,98H0Z2U0Q,793-51-5937,275266001
459,459,P8KfG8JlP,459-40-1017,924291949
460,460,I4W490O7P,102-60-1109,927903091
461,461,O03tD9R45,440-29-4895,724240765
462,462,V7BpN1AgI,505-72-4287,635081499
463,463,D4NvI1GpM,884-48-9844,008388247
464,464,N0YgE4BtB,574-78-7341,727022873
465,465,A77pD8Fr9,368-75-5527,832970934
466,466,284251GtO,768-62-0538,805380050
467,467,T0WzZ7I18,305-20-2550,140841101
468,468,61Cf12Ia0,738-69-7073,710221624
469,469,R1VlQ1VcT,298-19-1178,498321602
470,470,O700N5BtF,319-58-5543,818472948
471,471,32XqA2S25,518-07-5642,821518974
472,472,E7Ah78Tn8,839-83-6656,018229665
473,473,Z31wC3JlU,348-17-9246,519957587
474,474,B5XrA0FqX,685-32-8556,413511550
475,475,08L510Sa2,155-75-9657,609646849
476,476,120cP2Tc0,100-04-1048,339756012
477,477,H6Be763lM,323-63-3147,157658611
478,478,N5LcO7Vk1,811-08-2770,156162111
479,479,O7R473R9F,336-86-7487,882253008
480,480,P162S6Pv0,124-43-4765,916574082
481,481,T6NgQ4G2Z,806-14-2624,687066982
482,482,B5SzR0DrX,165-40-1200,722502293
483,483,P3M859YeQ,268-15-3440,403576820
484,484,36J4P2NoF,716-68-4995,087175852
485,485,W8XvC34cJ,643-97-1010,212483415
486,486,J177B5HaQ,821-76-7911,087696100
487,487,M6Ia19LtH,735-72-5593,992238739
488,488,132jW97vZ,389-76-4563,156860892
489,489,W8M5Q4D3T,558-30-2525,031023338
490,490,G266L0Df9,461-83-6608,444538289
491,491,O81fK292C,800-20-3387,259312629
492,492,382rT5A86,235-63-6995,328362766
493,493,X1ShG92z5,133-82-5845,575389961
494,494,A2EpC19sQ,694-08-4959,305201255
495,495,R9RnA8G68,143-22-8335,757196518
496,496,F632R1KhT,442-02-6777,579186063
497,497,U26jK5EyF,422-74-2335,048513282
498,498,A2Ot21F2O,477-81-6057,095000514
499,499,E6F0C6Yw1,435-44-2136,936181553
500,500,78G8G5Er8,183-04-9988,931940325
501,501,M4Al85ErB,862-37-5960,954722332
502,502,P1YaN4W6F,611-36-5962,419869206
503,503,P5My78EmC,815-89-5085,000776590
504,504,A1C6Q97bF,863-44-0850,587232009
505,505,F05jX2Sp6,401-54-7013,763891670
506,506,V8B5X0ToB,888-85-1588,767695562
507,507,T5526116A,611-14-1106,627320901
508,508,91B1K909J,772-29-1096,565662950
509,509,T5OpX6YpU,329-20-1930,510011616
510,510,S0EnO5SpT,503-30-0816,460802464
511,511,189sJ92bU,287-55-8428,800726245
512,512,O6MuQ4E54,886-60-1786,171713751
513,513,372s18PcX,463-53-8035,279884712
514,514,N053L47qA,176-29-4979,358350848
515,515,R67436X2W,778-89-5603,573045777
516,516,O22mK3MkY,645-37-4823,687193084
517,517,Q1Wl75IvZ,390-28-0025,421337714
518,518,E9Rb385bX,789-44-6859,617774102
519,519,Z5X8Y006B,775-23-5188,464746280
520,520,W2B5M6LwL,482-55-6266,483658788
521,521,R71lW2Kr2,767-87-1296,089555709
522,522,18TqX2R45,438-21-0883,834480356
523,523,M3Lx361eR,820-22-2621,070212332
524,524,P4NuX4EeR,444-92-8986,757393677
525,525,X82yB55c9,487-88-1237,130759008
526,526,C96vW63kQ,729-48-4224,644886269
527,527,J5QqJ9D0W,706-66-5855,643439068
528,528,Z73gB0309,806-94-3642,122450104
529,529,V0XyJ0AcD,171-66-8755,122932051
530,530,X4Y9F76aT,816-55-8187,952569549
531,531,08VmH9SiY,874-10-2769,467709799
532,532,J1BmW859E,444-31-9102,889395097
533,533,V0ZrA38l0,623-44-3709,424251392
534,534,A4BaP58lE,490-44-4172,126915225
535,535,A4Vc32Pa5,373-42-5982,542558454
536,536,J311U04bV,316-43-9097,560418680
537,537,28I3038n9,628-10-7568,791344893
538,538,J1U5S9Gl0,847-96-3880,704055152
539,539,F3Of55P39,222-54-5245,461776043
540,540,L4CzH2EtE,879-30-6358,874035351
541,541,R7Ko35091,329-51-1545,247547629
542,542,O26p093t1,691-90-3218,514951869
543,543,W9K0Y1L4U,189-27-7340,541492012
544,544,J33sF4F9W,813-20-3175,543227755
545,545,39Bt15ExU,494-26-4835,778721459
546,546,F847Y3Y07,706-67-9110,240247096
547,547,85C1C1O9R,407-65-4196,455994691
548,548,C1TjZ1716,312-11-0917,247944793
549,549,40GxC8NxW,533-06-7887,378846935
550,550,L1L4F4YgW,575-72-9786,823811602
551,551,Z0UlS0XxE,422-43-4086,788047120
552,552,O2Or298gN,254-73-4790,152782066
553,553,E6CnV9R1A,300-47-6924,943886069
554,554,P22aI3Ig5,178-19-6611,172935777
555,555,404qX2OlD,632-55-3798,080756189
556,556,99J3Y5Z87,711-78-0778,392751408
557,557,W0PsB9YuA,180-77-8532,002438807
558,558,28Q754Rd5,646-72-8270,666957140
559,559,P3RkI78iW,828-16-7315,073517990
560,560,D0IoI4AuE,547-52-0669,232552448
561,561,T45lF3E1K,673-11-9237,832186276
562,562,A325H8H5H,261-61-6349,137942415
563,563,F25cU2G4F,416-73-7570,704803915
564,564,F5F26837Z,748-59-0526,120443436
565,565,K90vM44xH,333-28-5364,290634619
566,566,80H479WuE,296-03-7012,268723902
567,567,T74y69OvG,159-22-7702,171074055
568,568,18Y2Z73a0,528-55-3820,116084200
569,569,J2EeO8J7K,449-80-6593,690379701
570,570,D750D0DwD,330-70-7970,066680163
571,571,20H6V1LjK,422-72-4367,711775873
572,572,116zB7802,798-10-0112,972090356
573,573,A5RaQ8Zm6,740-42-1512,074840466
574,574,E7ZyG7Qr9,818-56-5641,661225508
575,575,M3Zx38304,128-74-7649,026857204
576,576,23XbN8Sm0,440-79-4413,309258564
577,577,Y5MgT1Dw6,787-02-3173,054531933
578,578,F74j95967,261-21-9611,966725117
579,579,E5W8L4Nm1,304-96-7136,369789473
580,580,M4CbF17pY,265-71-3662,216148559
581,581,M3P0V1A0J,588-22-3493,065762571
582,582,R8HcW4DtF,736-66-5351,090403174
583,583,U63v96A5C,727-45-5908,181322598
584,584,C5XuO8Eb2,406-89-7242,887760336
585,585,O2Ba88V1N,878-93-1805,969264387
586,586,M2AsR5Qe4,366-57-8714,067816259
587,587,O30yL5HnO,833-49-3722,008277093
588,588,763iQ8JnD,332-64-0044,107685574
589,589,H5JeZ2Po4,551-98-6883,221021371
590,590,54XmH55a2,732-52-7706,396765240
591,591,F9B8155q3,312-48-5480,600788197
592,592,Q9RlI82wO,495-52-1716,785426854
593,593,E6Vx77PaH,306-26-4721,441305360
594,594,I5Cp91F8C,366-60-7710,765023127
595,595,S7Wt636oK,752-16-4454,935450337
596,596,T1H6L5Xq3,756-51-4038,769672594
597,597,191w68Qi9,808-27-2274,127831659
598,598,F5Rg634gP,181-61-7471,067917043
599,599,E654D6Fc1,252-17-7510,365404065
600,600,N2IsY90jU,119-38-4611,998310618
601,601,F35tR5X3U,740-55-4423,020442253
602,602,A7KqC6NfN,833-86-3128,381891976
603,603,U7Y1Z6K1M,320-15-8572,798603509
604,604,106rZ0UbJ,316-10-4486,086863459
605,605,605sT6723,562-70-9812,408484300
606,606,V9EwW5Xy6,225-62-7775,778900774
607,607,O0O874XhU,120-67-7675,342086828
608,608,H4U0B4O85,581-41-3158,616658556
609,609,92CeB9L5R,739-77-0518,878395931
610,610,E1QcK5D2W,774-72-2490,900377750
611,611,53L1J11uZ,240-81-4801,704763421
612,612,C0Kg64X3X,497-69-5451,939034387
613,613,105iY0IwW,132-05-7452,848139265
614,614,S2IgS8Wz4,461-60-1944,148498491
615,615,34JuQ1G3W,427-25-6378,007243147
616,616,U8EzT6Bn5,773-44-0409,790119185
617,617,41DpK5FqM,331-91-3773,690499317
618,618,E8K6S3WqE,592-37-6521,153853212
619,619,T5AvN2MuL,849-44-4080,769741075
620,620,0703X4C9I,118-56-0551,191811721
621,621,Q6Ss23QlB,867-72-6957,011642158
622,622,S6I095Rx0,346-73-3078,953969354
623,623,S38yZ71aR,611-28-7392,089908458
624,624,D3SzC0Jb1,756-40-6960,617470280
625,625,A67qO9Ch6,212-94-3024,863916868
626,626,G9Tp28S3J,695-82-4074,758321712
627,627,B63u39FhJ,869-62-8124,352834579
628,628,U39aY5QbM,582-68-7905,889569707
629,629,E0OyJ5VuP,606-62-6493,570721365
630,630,M96vD6T6N,323-61-2227,131164623
631,631,W4WbK086M,119-67-3026,476751209
632,632,619e5376O,724-91-8422,660289384
633,633,P5TiL77bX,557-48-5730,648808638
634,634,66WkG10nK,288-33-7166,573801125
635,635,T0BmT2W1Q,612-98-2121,984125690
636,636,R0Jc66D81,497-17-2049,915292574
637,637,H9Bq99HmM,204-55-8268,872489556
638,638,Z5T3Q4NpI,795-50-8790,266557717
639,639,A3WnF83fA,460-79-2545,989941233
640,640,A0CjJ0BxT,702-48-6368,158834277
641,641,C1MaV1P58,317-85-1741,207239198
642,642,F800L0N1R,786-95-5328,967436608
643,643,O7RnN1K6N,758-89-0592,250976050
644,644,45O0I6PkK,103-96-5943,835526963
645,645,Q62n70A1S,470-90-4962,783178698
646,646,J44kC14aM,443-31-4869,807331069
647,647,L4Eq45OkY,780-90-0838,764113545
648,648,B6N077T3L,646-46-8735,615314754
649,649,48HfJ19rT,756-95-0067,887917098
650,650,R3TjF6GjV,700-24-6880,858999636
651,651,A33fM2AsF,338-35-0195,669103504
652,652,U6X696430,895-28-0114,169017677
653,653,I8R2F7WfG,560-17-1968,008001118
654,654,32Q9A6WgF,565-69-6266,348447115
655,655,W8A7N06j7,166-55-2948,180096150
656,656,Q2Ez46AfP,600-72-6272,029506979
657,657,Q7TxC4F4O,250-04-1428,233325333
658,658,Z81d54Z7Z,475-92-5178,278582816
659,659,W5UsW5JdF,311-39-1289,416012077
660,660,Y0L6P0WvY,887-30-6627,594535818
661,661,06WcF8Uz3,767-52-3852,198560746
662,662,A9I1K4UcC,773-48-1888,828796529
663,663,G6C8J7Gv6,326-01-4391,253102762
664,664,S3HtN7T4C,459-49-6357,438087853
665,665,Y1W7Y1ZjA,774-11-2393,495724935
666,666,J65sR4Gv1,289-12-3841,026490246
667,667,M31mR55eP,584-91-7537,720951029
668,668,51V080J9G,470-08-4229,257900399
669,669,G3AwK7QhT,218-18-1362,033638658
670,670,P15iX9CiX,279-10-3420,503197851
671,671,A1NzM7N5G,493-21-2893,798761771
672,672,628mN0U3V,628-77-4349,987170418
673,673,H98gF3Nx3,816-32-5786,116437233
674,674,N1UjS1I39,793-56-4974,664726078
675,675,U87yU35tE,489-55-0231,399782489
676,676,46FmY42wZ,322-95-3763,286093516
677,677,J0EjH6QtZ,674-82-5877,033028591
678,678,V4B5M1SjI,351-07-3717,820872254
679,679,J9XjB6Ox4,775-56-9688,439981259
680,680,B62915YmV,811-17-9461,712317687
681,681,L4JbJ0MvR,504-77-6255,811039598
682,682,F37oA9R5H,508-05-6329,579791389
683,683,S9FrK91wY,427-76-5590,808305574
684,684,A3NeN2V4G,131-28-4801,173120290
685,685,M156Z6GhM,649-41-6590,454069544
686,686,X6KqF8M33,765-89-5187,700179828
687,687,S9Yv23I1G,840-14-4723,589867478
688,688,N5UrT8H8T,810-96-1217,952999714
689,689,V5EtH2N5H,681-75-2588,867786345
690,690,P83074ZiX,194-66-5790,518657201
691,691,C6VeV4OoX,243-83-8493,926965940
692,692,85Z9N0H8P,793-93-1484,948432600
693,693,N66fO0IaL,470-95-7439,580791305
694,694,14If46Yf7,704-70-8628,719031327
695,695,N079T4ZlE,297-62-7176,287855007
696,696,96EpU57i3,414-78-6016,803433276
697,697,Y0Kf65Eh8,432-78-2474,947668361
698,698,M78tJ23qG,886-01-2735,505837437
699,699,K6SjU0GfO,691-51-4191,106308929
700,700,I8Z2D9HwF,251-47-4165,181274288
701,701,F8R8E59qW,249-31-9588,625193093
702,702,29OfL1Ta8,151-62-0296,092050907
703,703,56DmO66hD,312-72-6016,834290589
704,704,70Vg66Vd2,206-41-5198,315006809
705,705,H68264HxO,473-86-9628,480261452
706,706,H6V9L4UqM,616-61-8470,400004567
707,707,33WiJ8Q9Z,743-83-1142,591353064
708,708,E9MtQ1QcJ,497-54-3994,514857871
709,709,U06yY9S52,114-14-5128,037658878
710,710,092kZ0Yi8,453-12-7592,018676239
711,711,D9OwT2Uc4,260-73-0659,440288187
712,712,98TvX3897,388-60-7000,743579579
713,713,E7AuR637Y,392-13-6652,369592399
714,714,50M7J1J9H,433-49-2578,305584668
715,715,52SzC7G0X,429-06-8624,182016080
716,716,W6UsN54qM,562-93-3414,136251797
717,717,S7OaF6AlC,564-56-1098,349247315
718,718,H83f92915,258-01-1959,942621971
719,719,33WfR22bA,176-26-5803,200056327
720,720,090v53WtL,716-18-5065,738399966
721,721,N4Pb18GbS,845-02-0386,566847717
722,722,J5I8J1P5N,164-47-6470,146334303
723,723,U8C7P767E,111-29-1605,570171360
724,724,S76iA6HfE,278-49-8948,515522986
725,725,S0HxB8D3G,862-54-1492,005741986
726,726,V8MgZ9Bl6,755-56-3725,050814774
727,727,29R0G32i9,459-37-3868,123378528
728,728,B5SeT45xQ,533-28-8483,897604741
729,729,136yT93a0,311-53-8490,160242323
730,730,X66lB2S02,695-01-1518,762400046
731,731,S0MnL1EnW,651-77-5288,107262149
732,732,S9XzI0HuB,336-02-2162,262334420
733,733,L78mX9Wl1,820-95-8415,431134314
734,734,A5C9Q16yX,716-77-8443,975624810
735,735,59Wh77J2J,891-72-7732,031302384
736,736,A9W9J3Lh4,454-28-9154,215656786
737,737,48MkY7Vl1,718-22-3965,266606044
738,738,33C4W5PhG,800-21-8409,104059781
739,739,W1OxP9Xo6,788-79-0257,187495350
740,740,S4F9U3Yz2,800-14-8740,499153982
741,741,43Sc57I1I,663-17-1341,516384633
742,742,L918L5Y12,683-20-3781,516729668
743,743,B1J7250g2,367-12-4351,781276954
744,744,M7TzR8XyS,409-59-2680,086450142
745,745,X5VjF7XnB,794-93-8512,175998011
746,746,84Fi229b7,741-56-2750,803414880
747,747,265jC1Dn5,852-49-8965,725163640
748,748,T2Ry82P0A,514-74-3231,122188763
749,749,N49u204pV,754-74-0822,128318286
750,750,D8Q3X6LbX,327-81-0974,868899634
751,751,N02cZ5SeU,883-71-7381,717181827
752,752,J5Og06DjN,448-13-9238,816392452
753,753,565vR5KcW,837-11-0955,162848279
754,754,53TzO5XsL,543-11-0730,944207820
755,755,X7UsU0021,115-03-2778,721054689
756,756,Y45yQ5HeI,772-91-0556,113139495
757,757,V91n57QbZ,646-44-4377,282739092
758,758,24OvN8O4D,735-71-6586,791432567
759,759,B5Iw57C37,890-17-4345,115557111
760,760,864mH0JwD,412-56-1394,115278656
761,761,44Mn03OaJ,366-36-2380,171473556
762,762,Q0P110W5H,834-33-1212,521584871
763,763,U1V1Y2JcU,300-49-7645,051735730
764,764,N6I1H5Ox3,592-14-8431,953538155
765,765,J6RuO12wU,573-08-6895,606832619
766,766,K4EgF7P2J,705-21-5511,253177726
767,767,B5GkR0WcF,515-30-7505,808784273
768,768,16U0J8P6A,599-41-7743,901076593
769,769,L6Me5601X,325-33-4238,342903747
770,770,O6Wh10UgV,440-27-2008,484106646
771,771,E7TlO5Xq5,229-82-0458,720406120
772,772,W73tX2HxO,558-64-3646,801643220
773,773,572fR71zB,374-06-4108,548777745
774,774,30QyA5ElH,233-60-5096,061526059
775,775,I9C296GpH,733-23-2704,170794828
776,776,R7R109CeQ,575-40-1099,623165299
777,777,X5QzM1Lg2,687-75-1358,699899882
778,778,W1OwD91fX,574-19-6957,223022506
779,779,U5Zh47Mn1,420-59-9174,885878456
780,780,317o922rS,130-89-2682,967844463
781,781,N25698Y3X,196-58-5956,296358872
782,782,S9Yo4734V,876-68-0716,932762146
783,783,R24h42Uy0,505-02-5610,175897061
784,784,Y3W9I2RcD,758-82-1125,391025973
785,785,01GaS93fM,250-74-4820,791626877
786,786,V6JnC6SvX,324-89-1786,436374950
787,787,I6XzL9ZrB,575-90-9570,587827471
788,788,E0Ht14FwM,112-91-8450,187456767
789,789,I69q1287E,841-94-5421,701445761
790,790,28TlX7CbH,113-85-3548,505385082
791,791,U6QeL3V36,409-68-9280,981556479
792,792,594hV062D,399-20-7478,737162008
793,793,V29d960h7,796-26-7405,089796371
794,794,E0Sl58Oe7,892-75-9127,193369793
795,795,X8Mq90R65,499-17-9712,330005153
796,796,36HrU2FnX,508-89-6097,390188549
797,797,N58v21LuI,515-20-7471,432616962
798,798,G8KlO1Yg2,786-74-0849,411160721
799,799,H05y04NkF,261-61-1161,162696196
800,800,M7OwW5P0M,501-28-5470,917343753
801,801,00RiN63eZ,817-21-7239,890374384
802,802,B97uQ33o8,401-52-7690,490946243
803,803,B3ObK31g4,769-94-6926,546859650
804,804,18E3F0CzI,830-17-1057,998964335
805,805,X63dF08nA,818-56-5036,533880234
806,806,06IgA90rF,389-10-2969,140392041
807,807,X0SwS4Jt0,442-85-4676,589147876
808,808,T8E7J711D,857-15-4627,590876770
809,809,68ZcN48jN,634-64-9110,853793311
810,810,E3Ma069hO,573-69-8417,876454363
811,811,74N269H2E,257-88-5061,627309285
812,812,L99eG8PzE,759-83-4663,818021178
813,813,82Q8Z9EhR,590-85-0705,402945510
814,814,98Gw13ChY,281-47-7869,714531147
815,815,K4YbG1I26,536-34-1622,323959713
816,816,16Uk66Si2,159-87-8172,102235701
817,817,L6Z5K5S0W,611-83-2584,954580257
818,818,15AfU2JlR,333-44-8453,659596607
819,819,04Aa467jL,652-34-7456,046333175
820,820,M1CfW812U,143-25-7586,299908116
821,821,M2KpR300T,518-44-2838,593185500
822,822,K5BoM2XhI,882-63-7690,328957619
823,823,T8VwQ3WuN,374-61-5451,797074913
824,824,U9Gk13S2F,771-88-7751,441094857
825,825,B9Ml59V4B,651-96-9982,508380804
826,826,R3IiN9PgE,189-56-2456,727951188
827,827,K3EsQ3Y45,593-03-5428,699610259
828,828,36IrS5L7P,533-46-4062,245475046
829,829,M3WgN48xI,849-53-9075,750314674
830,830,48KuH7Lg9,785-65-5368,346334115
831,831,P7UtC24r0,267-11-3408,788265139
832,832,97Me37MvA,371-46-2360,470664259
833,833,04EfV41x3,613-51-0237,288989824
834,834,O0M250We8,768-52-1292,431272826
835,835,R4I3K6L09,743-76-5252,806109155
836,836,X95xW5Mj1,884-64-2160,683858489
837,837,B9IpS3Xo7,578-72-3743,154341224
838,838,41Zc81DtH,511-45-5383,999537723
839,839,B83wX86qF,234-71-4056,296361034
840,840,P8MoD5Hx6,431-40-3057,987179661
841,841,Q4Hd90Vy0,190-16-6664,128615145
842,842,387wI8Wb1,556-14-4587,371070470
843,843,N8Bi6399B,654-20-5312,187982067
844,844,82Td99IxG,188-96-1624,325267557
845,845,N2PpX9Gy2,501-85-0620,666345959
846,846,618a095aI,816-58-1557,755919277
847,847,466gH826U,377-84-9735,066682759
848,848,69Rw7273K,729-29-9868,595265270
849,849,693zX2UuK,417-82-1993,322466021
850,850,57KqT9Ri1,595-19-1397,621561379
851,851,O9OkU0Zv1,674-58-7645,025938854
852,852,U3E4L4T5A,286-90-7078,268442215
853,853,C7HaI5RoC,846-15-4127,948584490
854,854,51NsE5YgH,870-66-0789,998677921
855,855,J5Sp404lO,586-55-8177,232344386
856,856,S59v85TjQ,160-72-7221,611673526
857,857,I7L3257nV,416-49-5869,360759195
858,858,K4YuA5QlA,530-13-6710,658270896
859,859,F7WwI3Y0I,780-87-0617,956890257
860,860,02OjN7Av2,203-19-6073,027956423
861,861,23RlZ0S0E,754-60-5470,305151830
862,862,3495V1G0T,208-40-4838,603992610
863,863,14Y2A13x6,869-94-9217,489581191
864,864,F169R966Z,235-86-7686,977292954
865,865,T4X474Jw8,506-13-4045,634506306
866,866,L8TwA3ZkM,232-89-6663,421079422
867,867,A65y24EgT,499-39-9866,825016046
868,868,763aY4L2V,183-59-1104,706745316
869,869,07Y041Vo7,542-71-3084,819802437
870,870,B1TwR2HcI,107-53-3712,077981947
871,871,87Dn4071L,739-17-0229,989432920
872,872,O19fU52c2,286-36-9031,504143959
873,873,Z48dS0EhG,366-48-4573,883313486
874,874,B6U0C3E0T,202-30-2576,885885019
875,875,P1YpE66d4,469-43-1579,003074520
876,876,W9E462BfU,152-09-8513,868390396
877,877,3865G1TxL,437-27-0283,901093475
878,878,A9M052BgK,410-62-2217,351468161
879,879,58FlX15y5,330-39-7069,240002031
880,880,L2Ci3862T,316-61-7491,083442585
881,881,M28p83CvS,229-06-8114,122411466
882,882,M0O0J9885,875-44-1039,490579624
883,883,W20jK4GxQ,731-95-4990,491211298
884,884,V6QdM0XfN,190-49-0875,482769074
885,885,53SdT1Mn4,660-61-9598,827417361
886,886,F7W9C6361,116-50-9553,028468056
887,887,49K9J8Vm1,578-49-0672,455689372
888,888,73NuI3CuL,377-50-7068,996414116
889,889,X8MwC78e6,835-26-0055,907240847
890,890,X9Qc244nH,714-98-4015,469254469
891,891,54S2429hB,285-96-1985,325882189
892,892,T014O7Bc0,559-62-8056,233838593
893,893,J0UhO5WhN,239-69-0427,067009024
894,894,D97xI6GpV,197-60-5890,204811081
895,895,14B9I552L,554-93-2559,268264853
896,896,X54nD8U03,491-46-0263,758077866
897,897,V1A6E75v4,703-44-3753,989017125
898,898,S887M8K5B,806-60-2689,115537138
899,899,O92i318b7,175-18-5316,373786989
900,900,Z9FxK5498,614-30-9252,364406691
901,901,R3InP939D,702-54-4268,380374314
902,902,D5A3Y3IwX,844-06-6641,371549050
903,903,J9L4688yV,214-31-7317,759537358
904,904,N7M4P0Lc9,715-83-2695,285578134
905,905,A6ZnG8WtQ,644-31-6950,173569003
906,906,X5HuQ7IvM,224-20-3413,503678748
907,907,Q2ZlR083I,262-72-5926,419898587
908,908,548r63MoX,534-97-3752,454066648
909,909,F6Mq66Qq2,101-37-4249,151622969
910,910,T8E3M75mG,817-55-2726,373874568
911,911,K4BsH3Eu9,740-69-3870,457826541
912,912,28BnT1JbB,651-71-6735,757567145
913,913,Y5Iz10SrI,783-11-7761,429460982
914,914,K794437oR,838-74-2960,227651915
915,915,I64w03Cl3,456-95-4561,971074496
916,916,83Q1R7RrZ,420-10-9992,500135172
917,917,P3LyG2O8E,700-36-8276,051922090
918,918,O8RiF5LzX,226-97-7836,553247112
919,919,I4PsX5SwG,312-34-4516,164919591
920,920,U4WoV2Cc7,352-33-7759,112023670
921,921,I8SdV4Ay8,442-11-0564,390667018
922,922,J1WmG9Gy8,645-23-9076,568341123
923,923,N0LwP08cX,688-90-9343,358428094
924,924,K2B3J0Q6W,665-79-4605,750366649
925,925,C1TgM0G7I,719-37-9344,033250793
926,926,912bO7M81,497-28-5339,109585277
927,927,H6YyL3R8F,280-92-1144,444250082
928,928,G8Zh46Ub6,497-77-7797,518404644
929,929,86Nl3251X,821-32-7179,356127405
930,930,7033A4R90,137-74-1937,998427126
931,931,E31pY9M2Q,330-36-5531,785203708
932,932,V7D396IrA,281-11-5152,409166796
933,933,57Is29D9V,761-21-3886,701795532
934,934,R8FfH60gJ,764-82-0505,765671277
935,935,L9Mb06W8U,617-62-2201,460204016
936,936,12S404CeJ,361-53-1776,476991683
937,937,X0GeQ3TrF,325-65-0360,428718400
938,938,T85r626mU,870-19-8863,925240617
939,939,K4IcG2F6H,115-18-4869,806011636
940,940,U69i93FdH,878-97-5069,363208057
941,941,55A7Y22eV,109-05-3993,182121752
942,942,P5V8J0VfB,672-93-9022,709594591
943,943,X6Jw009r9,687-10-2485,133663955
944,944,I4H0K7HuN,206-77-6005,039901546
945,945,N6L223GuX,652-64-1398,973595193
946,946,G0EuC23jF,218-74-6157,171870332
947,947,38ZfH77m6,878-47-2223,392889763
948,948,O1Wb851zJ,247-28-2923,402907949
949,949,A8EqH76kH,316-57-1466,908345275
950,950,46EuR2Zf3,440-74-8289,986656788
951,951,G8Ln507zI,369-58-2600,741160455
952,952,D26147Xv1,119-20-2437,949170306
953,953,44B4976tN,220-50-0988,393044781
954,954,G2Vr824xI,628-47-5127,874725100
955,955,E0PkO4F2Y,250-86-7087,746047456
956,956,J2Vn488cJ,589-80-7383,400963153
957,957,I6RhT10wB,482-27-3155,747482720
958,958,M18y4270W,154-13-0306,041123556
959,959,L85bG54eH,551-13-0049,774277637
960,960,U4Hc188gX,690-72-0803,364416672
961,961,80Av930g7,806-75-0816,468677703
962,962,D126F3I23,843-14-8697,187908772
963,963,N9QnK5RdR,542-82-2300,220111751
964,964,I4YvJ9FhS,462-98-6160,939440348
965,965,N89s52GpC,897-45-6338,228015146
966,966,65TzU70b4,271-43-6831,338443207
967,967,D6MvU9Y6W,178-35-9168,989601439
968,968,38F684ZjB,646-15-1879,138466011
969,969,23R26421P,530-76-2868,440034963
970,970,33J6S6BjU,225-52-3918,422083222
971,971,067uQ9Sy4,869-48-4286,633091887
972,972,431c21B14,664-55-2130,231538215
973,973,P1C960QdH,690-49-8232,501451367
974,974,F5Z3H31zA,340-65-0362,340682543
975,975,O6Q270DzJ,807-33-8245,502287670
976,976,832qZ0M7P,525-43-4571,083148519
977,977,T7M3345yK,641-65-7515,769654109
978,978,752p87M3R,312-99-8032,082941688
979,979,74TkO5VoT,698-90-4256,158262354
980,980,24Kj1454X,512-37-8585,715442353
981,981,N8H092Y3Q,875-50-0100,002116191
982,982,71YwM5G90,116-19-5982,941175196
983,983,S82qO29eX,544-47-9301,108916492
984,984,P3HdA170O,811-40-7616,851324015
985,985,866qG6F5T,785-04-2542,643793039
986,986,D31zC5WeQ,331-16-2761,460661471
987,987,R4U7W4DhD,194-69-3956,684564835
988,988,M6Ls79QiG,246-42-6368,101785058
989,989,849oN9GnU,442-27-9178,683846640
990,990,D5Bw96EqE,558-41-5334,163440012
991,991,L5Z7N5IiS,883-48-5114,777053858
992,992,P6Wi52Y11,344-57-1753,179850283
993,993,P72e16V0Z,539-57-9934,738684122
994,994,P91cY8ObW,213-14-4331,892115617
995,995,G63s95CnN,120-08-7904,320806254
996,996,X9A8P6UnK,193-10-3360,430339066
997,997,L5I5Q72cP,453-38-6084,297043788
998,998,M8MxI0GhK,429-50-1769,419890313
999,999,I6V8N8GaB,390-55-4136,278632233
1000,1000,921fP9C5Z,126-39-6061,328499585
